hotel,country,is_canceled,lead_time,arrival_date_week_number,stays_in_weekend_nights,stays_in_week_nights,adults,children,meal,booking_changes,total_of_special_requests,adr
City Hotel,USA,0,51,23,2,3,2,0,BB,0,5,78
City Hotel,USA,0,177,25,2,1,3,0,BB,4,5,166.5
City Hotel,USA,0,207,25,2,2,2,0,SC,0,5,99
City Hotel,USA,0,130,25,2,1,2,0,BB,0,4,130.5
City Hotel,USA,0,207,25,2,2,2,0,SC,0,4,99
City Hotel,USA,0,120,25,1,0,2,1,BB,0,4,143.1
City Hotel,USA,0,62,40,4,5,2,0,BB,0,3,131.51
City Hotel,USA,1,146,25,2,1,2,2,BB,0,3,178.2
City Hotel,USA,1,57,37,0,1,2,0,SC,0,3,87.3
City Hotel,USA,1,198,38,0,1,2,0,SC,0,3,116.1
City Hotel,USA,1,54,42,0,3,2,0,BB,0,3,139.5
City Hotel,USA,1,103,43,1,4,2,0,BB,0,3,118.8
City Hotel,USA,1,28,1,0,1,1,0,BB,0,3,96
City Hotel,USA,1,324,19,0,1,2,0,SC,0,3,99
City Hotel,USA,1,315,27,0,1,2,0,BB,1,3,91.85
City Hotel,USA,1,315,27,0,1,2,0,BB,1,3,91.85
City Hotel,USA,1,315,27,0,1,2,0,BB,1,3,91.85
City Hotel,USA,1,47,35,0,2,3,0,BB,0,3,210
City Hotel,USA,0,45,12,2,8,2,1,BB,4,3,217.75
City Hotel,USA,0,61,16,2,1,3,0,BB,0,3,151.3
City Hotel,USA,0,12,27,0,2,2,1,BB,0,3,156
City Hotel,USA,0,140,27,1,1,3,0,BB,0,3,128.7
City Hotel,USA,0,11,28,1,0,2,3,BB,0,3,267
City Hotel,USA,0,131,32,0,3,2,0,BB,1,3,87.03
City Hotel,USA,0,116,21,1,0,2,0,BB,0,3,126
City Hotel,USA,0,8,38,0,1,2,0,SC,0,3,149
City Hotel,USA,0,9,38,0,1,2,0,SC,0,3,149
City Hotel,USA,0,111,38,0,2,3,0,BB,0,3,168.3
City Hotel,USA,0,98,42,2,1,2,0,SC,0,3,108
City Hotel,USA,0,2,44,0,2,1,0,SC,0,3,139
City Hotel,USA,0,88,45,2,1,2,0,BB,0,3,75.4
City Hotel,USA,0,8,47,0,4,1,0,BB,0,3,97
City Hotel,USA,0,343,2,1,2,2,0,SC,0,3,71.1
City Hotel,USA,0,13,6,0,2,2,0,BB,1,3,85.46
City Hotel,USA,0,116,15,2,0,3,0,BB,0,3,166.5
City Hotel,USA,0,70,15,0,3,3,0,HB,0,3,192
City Hotel,USA,0,64,16,1,2,2,0,SC,0,3,108
City Hotel,USA,0,40,17,0,2,2,0,BB,0,3,174
City Hotel,USA,0,26,17,0,1,1,0,SC,0,3,115
City Hotel,USA,0,340,18,2,1,2,0,SC,0,3,99
City Hotel,USA,0,161,19,2,4,2,0,BB,2,3,136.17
City Hotel,USA,0,69,19,2,7,2,0,BB,2,3,186
City Hotel,USA,0,9,20,1,2,2,0,SC,0,3,140
City Hotel,USA,0,14,21,0,1,2,0,SC,0,3,160
City Hotel,USA,0,177,25,2,1,2,0,BB,4,3,130.5
City Hotel,USA,0,214,28,1,0,2,0,SC,0,3,89.1
City Hotel,USA,0,214,28,1,0,2,0,SC,0,3,89.1
City Hotel,USA,0,12,29,0,2,2,1,BB,0,3,159
City Hotel,USA,0,39,31,0,3,2,0,BB,1,3,153
City Hotel,USA,0,39,31,0,3,2,0,SC,2,3,150
City Hotel,USA,0,190,32,2,2,2,0,BB,2,3,112.5
City Hotel,USA,0,62,33,0,2,2,0,BB,0,3,126
City Hotel,USA,0,110,23,0,1,2,1,BB,1,3,143.1
City Hotel,USA,0,74,1,2,3,2,1,BB,4,3,108
City Hotel,USA,0,318,30,0,2,2,0,BB,1,3,155
City Hotel,USA,0,125,32,0,4,3,0,BB,0,3,175
City Hotel,USA,0,125,32,0,4,2,2,BB,0,3,200
City Hotel,USA,0,94,33,2,4,1,0,BB,3,3,115
City Hotel,USA,0,52,53,0,2,2,2,BB,0,2,207
City Hotel,USA,0,11,4,2,0,2,0,BB,0,2,98
City Hotel,USA,0,32,35,0,3,2,2,BB,2,2,182.95
City Hotel,USA,0,64,36,0,1,2,1,BB,1,2,145.5
City Hotel,USA,0,145,46,1,3,2,0,BB,0,2,174.15
City Hotel,USA,0,202,15,2,1,3,0,BB,0,2,158.4
City Hotel,USA,0,1,33,1,0,2,0,SC,0,2,96
City Hotel,USA,0,0,37,0,3,2,0,BB,0,2,152
City Hotel,USA,0,0,37,0,3,2,0,BB,0,2,152
City Hotel,USA,0,34,37,0,3,2,0,BB,0,2,145.8
City Hotel,USA,0,15,38,0,2,2,0,SC,0,2,115
City Hotel,USA,0,32,38,2,2,1,0,SC,0,2,141.53
City Hotel,USA,0,28,41,1,0,2,0,BB,0,2,94.5
City Hotel,USA,0,36,42,0,1,1,0,SC,0,2,102.6
City Hotel,USA,0,1,25,0,1,2,0,SC,0,2,128
City Hotel,USA,1,29,11,0,3,2,2,BB,0,2,77.5
City Hotel,USA,1,102,14,2,4,2,0,SC,0,2,80.75
City Hotel,USA,1,28,26,0,1,3,0,BB,0,2,147
City Hotel,USA,1,14,39,0,1,1,0,BB,0,2,184
City Hotel,USA,1,14,39,0,1,1,0,BB,0,2,184
City Hotel,USA,1,14,39,0,1,1,0,BB,0,2,184
City Hotel,USA,1,76,46,1,0,2,0,SC,0,2,79.2
City Hotel,USA,1,68,46,1,3,1,0,BB,2,2,220
City Hotel,USA,1,31,50,5,10,1,0,SC,0,2,87.41
City Hotel,USA,1,20,53,2,0,2,0,SC,0,2,88
City Hotel,USA,1,12,2,2,6,3,0,BB,0,2,114.28
City Hotel,USA,1,110,11,1,1,2,0,BB,2,2,106.2
City Hotel,USA,1,112,13,1,0,2,0,SC,0,2,79.2
City Hotel,USA,1,106,13,0,5,2,0,SC,0,2,79.64
City Hotel,USA,1,208,13,2,1,2,0,SC,0,2,99
City Hotel,USA,1,134,17,2,2,2,2,BB,0,2,191.25
City Hotel,USA,1,10,17,0,1,2,0,BB,0,2,190
City Hotel,USA,1,15,19,0,3,2,0,BB,0,2,180
City Hotel,USA,1,196,19,0,2,2,0,BB,0,2,143.55
City Hotel,USA,1,196,19,0,2,2,0,BB,0,2,143.55
City Hotel,USA,1,13,20,0,5,2,0,BB,0,2,182
City Hotel,USA,1,13,20,0,5,2,0,BB,0,2,182
City Hotel,USA,1,283,21,1,1,2,0,HB,0,2,126.9
City Hotel,USA,1,40,23,1,4,2,0,BB,2,2,196
City Hotel,USA,1,315,27,0,1,2,0,SC,0,2,89.1
City Hotel,USA,1,315,27,0,1,0,2,BB,0,2,91.85
City Hotel,USA,1,315,27,0,1,0,2,BB,0,2,91.85
City Hotel,USA,1,315,27,0,1,0,2,BB,2,2,91.85
City Hotel,USA,1,238,28,2,4,2,0,BB,2,2,122.83
City Hotel,USA,1,92,31,0,3,2,0,SC,0,2,125
City Hotel,USA,1,251,32,2,1,2,0,SC,0,2,112.5
City Hotel,USA,1,78,33,0,2,2,2,BB,0,2,240
City Hotel,USA,1,85,33,0,2,1,0,BB,3,2,190
City Hotel,USA,1,91,34,0,1,1,0,BB,0,2,140
City Hotel,USA,1,141,34,0,2,2,0,BB,0,2,150
City Hotel,USA,1,305,35,1,2,2,0,BB,0,2,107.1
City Hotel,USA,1,31,29,2,0,1,0,BB,1,2,135
City Hotel,USA,0,5,33,4,15,2,0,BB,4,2,75
City Hotel,USA,0,82,36,0,1,2,0,BB,0,2,89.25
City Hotel,USA,0,52,37,1,1,2,0,BB,0,2,72.76
City Hotel,USA,0,8,37,0,2,2,0,BB,1,2,80.85
City Hotel,USA,0,45,42,2,2,2,0,BB,0,2,78.54
City Hotel,USA,0,113,15,1,3,2,0,BB,0,2,63.49
City Hotel,USA,0,22,41,0,1,2,0,BB,0,2,82.39
City Hotel,USA,0,1,41,2,2,2,0,BB,0,2,145
City Hotel,USA,0,83,53,2,1,2,0,BB,0,2,85.5
City Hotel,USA,0,5,3,1,2,2,0,BB,0,2,80.3
City Hotel,USA,0,2,6,1,3,2,0,BB,1,2,93
City Hotel,USA,0,5,9,0,1,2,0,SC,0,2,81
City Hotel,USA,0,11,13,0,2,3,0,BB,0,2,182
City Hotel,USA,0,102,19,2,2,1,0,BB,0,2,89.25
City Hotel,USA,0,77,20,0,4,2,0,BB,0,2,132.6
City Hotel,USA,0,14,21,2,0,2,2,BB,0,2,211
City Hotel,USA,0,101,21,0,3,3,0,BB,1,2,198.9
City Hotel,USA,0,14,22,1,0,2,0,SC,0,2,129
City Hotel,USA,0,13,22,1,2,2,1,SC,0,2,105.11
City Hotel,USA,0,43,24,0,1,2,0,BB,0,2,83.85
City Hotel,USA,0,3,24,0,3,1,0,BB,0,2,109.85
City Hotel,USA,0,137,25,1,1,2,0,BB,0,2,101.53
City Hotel,USA,0,39,26,0,2,1,2,BB,0,2,168.3
City Hotel,USA,0,84,27,2,1,3,0,BB,5,2,103.72
City Hotel,USA,0,12,27,0,2,1,0,BB,0,2,151
City Hotel,USA,0,107,27,0,5,3,0,BB,3,2,146.7
City Hotel,USA,0,82,27,0,1,3,0,BB,0,2,185.03
City Hotel,USA,0,128,27,2,4,2,2,BB,0,2,163.2
City Hotel,USA,0,94,29,0,2,3,0,BB,0,2,137.7
City Hotel,USA,0,21,35,0,1,2,1,SC,1,2,146.5
City Hotel,USA,0,112,35,0,4,2,0,BB,0,2,92.65
City Hotel,USA,0,112,35,0,4,2,0,BB,0,2,92.65
City Hotel,USA,0,19,36,2,1,2,0,SC,0,2,113
City Hotel,USA,0,191,36,0,4,1,0,BB,1,2,84.43
City Hotel,USA,0,62,36,2,1,2,0,BB,0,2,109.8
City Hotel,USA,0,12,37,0,1,2,0,SC,0,2,129
City Hotel,USA,0,52,37,0,2,3,0,BB,1,2,149.4
City Hotel,USA,0,50,37,1,1,2,0,BB,0,2,145.8
City Hotel,USA,0,14,38,1,0,1,0,SC,0,2,89
City Hotel,USA,0,38,37,1,1,2,0,BB,1,2,170.57
City Hotel,USA,0,17,38,2,0,2,0,SC,0,2,93.5
City Hotel,USA,0,34,38,2,0,2,0,SC,0,2,125.1
City Hotel,USA,0,5,38,1,0,2,0,BB,1,2,121.63
City Hotel,USA,0,94,38,2,1,2,0,BB,0,2,135.9
City Hotel,USA,0,30,38,0,1,2,0,SC,0,2,125.1
City Hotel,USA,0,115,38,0,1,2,0,SC,0,2,118.8
City Hotel,USA,0,1,38,1,1,2,0,BB,0,2,155.54
City Hotel,USA,0,57,39,0,1,2,0,BB,0,2,115.04
City Hotel,USA,0,57,39,0,1,2,0,BB,0,2,115.04
City Hotel,USA,0,22,39,2,1,2,0,BB,0,2,139
City Hotel,USA,0,47,41,2,0,2,0,SC,0,2,83.16
City Hotel,USA,0,5,40,2,2,2,0,BB,0,2,221.38
City Hotel,USA,0,49,41,0,2,1,0,BB,0,2,113.4
City Hotel,USA,0,95,41,1,2,3,0,BB,0,2,151.2
City Hotel,USA,0,36,43,0,2,2,0,SC,0,2,119.5
City Hotel,USA,0,71,45,0,1,2,0,SC,2,2,79.2
City Hotel,USA,0,71,45,0,1,2,0,SC,2,2,79.2
City Hotel,USA,0,46,46,1,0,1,0,BB,0,2,97.2
City Hotel,USA,0,20,46,1,3,1,0,SC,0,2,171.13
City Hotel,USA,0,72,46,0,2,2,0,BB,0,2,175.5
City Hotel,USA,0,104,46,2,3,2,0,BB,2,2,108.43
City Hotel,USA,0,27,47,0,4,2,0,BB,0,2,88.4
City Hotel,USA,0,3,49,0,2,2,0,BB,0,2,117.5
City Hotel,USA,0,103,50,0,2,2,0,SC,0,2,79.2
City Hotel,USA,0,53,51,2,5,2,0,SC,0,2,74.8
City Hotel,USA,0,53,51,2,5,2,0,SC,0,2,74.8
City Hotel,USA,0,18,52,0,2,4,0,BB,0,2,199.43
City Hotel,USA,0,1,53,2,0,4,0,BB,1,2,120
City Hotel,USA,0,163,53,1,2,3,0,BB,0,2,122.4
City Hotel,USA,0,163,53,1,2,3,0,BB,0,2,122.4
City Hotel,USA,0,23,53,0,1,3,0,BB,0,2,188
City Hotel,USA,0,23,53,0,2,2,0,BB,0,2,148
City Hotel,USA,0,8,4,0,1,1,0,SC,1,2,0
City Hotel,USA,0,240,5,0,1,2,0,SC,0,2,79.2
City Hotel,USA,0,12,6,1,1,2,0,BB,0,2,108
City Hotel,USA,0,154,9,0,1,2,0,BB,0,2,93.6
City Hotel,USA,0,72,11,0,3,2,0,BB,0,2,79.2
City Hotel,USA,0,110,11,1,1,2,0,BB,2,2,106.2
City Hotel,USA,0,59,12,1,1,2,0,BB,0,2,106.2
City Hotel,USA,0,0,13,0,1,1,0,BB,1,2,108
City Hotel,USA,0,112,13,2,1,2,0,BB,0,2,97.2
City Hotel,USA,0,116,13,0,2,3,0,BB,0,2,142.2
City Hotel,USA,0,202,15,2,1,3,0,BB,0,2,149.4
City Hotel,USA,0,66,15,0,3,3,0,BB,0,2,253.33
City Hotel,USA,0,71,16,1,2,3,0,BB,0,2,171
City Hotel,USA,0,317,17,0,3,2,0,BB,0,2,118.8
City Hotel,USA,0,21,17,0,1,2,0,SC,0,2,115
City Hotel,USA,0,21,17,0,1,2,0,SC,0,2,115
City Hotel,USA,0,166,18,1,1,2,0,SC,0,2,99
City Hotel,USA,0,96,18,1,1,2,0,BB,0,2,105
City Hotel,USA,0,14,18,0,2,1,0,BB,0,2,140
City Hotel,USA,0,34,19,0,1,2,0,SC,0,2,180
City Hotel,USA,0,34,19,0,1,2,0,SC,0,2,180
City Hotel,USA,0,167,20,0,1,2,0,BB,1,2,118.8
City Hotel,USA,0,103,20,0,1,2,0,BB,0,2,144
City Hotel,USA,0,105,20,0,3,2,0,BB,0,2,144
City Hotel,USA,0,105,20,0,3,1,0,BB,0,2,144
City Hotel,USA,0,19,21,1,0,1,0,BB,0,2,140
City Hotel,USA,0,21,21,1,1,2,0,BB,2,2,140
City Hotel,USA,0,13,21,0,1,3,0,BB,1,2,205
City Hotel,USA,0,97,22,1,0,2,0,SC,0,2,140
City Hotel,USA,0,19,22,1,0,2,0,SC,1,2,140
City Hotel,USA,0,209,22,0,4,2,1,BB,0,2,153.79
City Hotel,USA,0,46,24,0,2,2,0,BB,0,2,150
City Hotel,USA,0,83,24,0,2,2,0,BB,0,2,146
City Hotel,USA,0,83,24,0,2,2,0,BB,0,2,146
City Hotel,USA,0,38,25,1,1,2,0,BB,0,2,165
City Hotel,USA,0,96,25,0,1,2,1,BB,2,2,162
City Hotel,USA,0,293,25,2,3,3,0,BB,2,2,141.36
City Hotel,USA,0,41,24,2,5,2,1,BB,1,2,194.29
City Hotel,USA,0,114,25,0,4,2,1,BB,0,2,144
City Hotel,USA,0,66,26,0,2,3,0,BB,1,2,190
City Hotel,USA,0,158,26,0,3,2,0,BB,0,2,122.7
City Hotel,USA,0,178,26,0,3,2,2,BB,0,2,216.64
City Hotel,USA,0,18,27,1,0,2,0,SC,0,2,160
City Hotel,USA,0,193,29,0,2,3,0,HB,0,2,188.1
City Hotel,USA,0,143,30,2,1,3,0,BB,1,2,235
City Hotel,USA,0,143,30,2,1,3,0,BB,1,2,235
City Hotel,USA,0,56,31,0,1,2,1,BB,2,2,210
City Hotel,USA,0,108,32,1,3,3,0,BB,2,2,195
City Hotel,USA,0,91,33,0,1,3,0,BB,0,2,230
City Hotel,USA,0,36,33,0,3,3,0,BB,0,2,219
City Hotel,USA,0,35,33,0,2,2,0,BB,0,2,190
City Hotel,USA,0,230,33,0,3,2,1,BB,0,2,148.5
City Hotel,USA,0,6,34,1,0,2,3,BB,0,2,264.44
City Hotel,USA,0,161,34,2,3,2,1,BB,0,2,282.5
City Hotel,USA,0,120,34,0,2,1,0,BB,3,2,180
City Hotel,USA,0,141,34,0,2,2,0,BB,0,2,150
City Hotel,USA,0,142,34,0,1,2,0,BB,0,2,150
City Hotel,USA,0,141,34,0,2,2,0,HB,1,2,186
City Hotel,USA,0,141,34,0,2,2,0,BB,0,2,150
City Hotel,USA,0,142,34,0,1,2,0,BB,1,2,150
City Hotel,USA,0,142,34,0,1,2,0,BB,1,2,150
City Hotel,USA,0,141,34,0,2,2,0,BB,0,2,150
City Hotel,USA,0,101,35,1,0,2,0,HB,4,2,166
City Hotel,USA,0,101,35,1,0,2,0,HB,4,2,166
City Hotel,USA,0,101,35,1,0,2,0,HB,4,2,166
City Hotel,USA,0,60,35,1,0,1,0,SC,0,2,140
City Hotel,USA,0,15,34,2,2,2,0,BB,0,2,132.53
City Hotel,USA,0,77,18,1,1,2,1,BB,4,2,112.5
City Hotel,USA,0,118,24,1,5,1,0,BB,1,2,110
City Hotel,USA,0,128,29,1,2,3,0,BB,3,2,116.32
City Hotel,USA,0,36,42,0,1,1,0,SC,0,2,102.6
City Hotel,USA,0,36,42,0,1,1,0,SC,0,2,102.6
City Hotel,USA,0,36,42,0,1,1,0,SC,0,2,102.6
City Hotel,USA,0,36,42,0,1,1,0,SC,0,2,102.6
City Hotel,USA,0,22,1,0,1,2,0,BB,1,2,67
City Hotel,USA,0,21,1,0,2,1,0,BB,0,2,67
City Hotel,USA,0,75,2,2,1,1,0,BB,0,2,67
City Hotel,USA,0,75,2,2,1,1,0,BB,0,2,67
City Hotel,USA,0,75,2,2,1,1,0,BB,0,2,67
City Hotel,USA,0,75,2,2,1,1,0,BB,0,2,67
City Hotel,USA,0,75,2,2,1,1,0,BB,0,2,67
City Hotel,USA,0,0,2,1,1,1,0,BB,1,2,67
City Hotel,USA,0,10,2,2,1,1,0,BB,0,2,69
City Hotel,USA,0,10,2,2,1,1,0,BB,0,2,69
City Hotel,USA,0,75,2,2,1,1,0,BB,0,2,67
City Hotel,USA,0,75,2,2,1,1,0,BB,0,2,67
City Hotel,USA,0,75,2,2,1,1,0,BB,0,2,67
City Hotel,USA,0,75,2,2,1,2,0,BB,4,2,78
City Hotel,USA,0,74,1,2,3,1,0,BB,2,2,67
City Hotel,USA,0,27,2,0,2,1,0,BB,0,2,67
City Hotel,USA,0,74,1,2,3,1,0,BB,1,2,67
City Hotel,USA,0,74,1,2,3,1,0,BB,1,2,67
City Hotel,USA,0,74,1,2,3,1,0,BB,2,2,67
City Hotel,USA,0,125,32,0,4,2,0,BB,0,2,112.5
City Hotel,USA,0,125,32,0,4,2,0,BB,0,2,112.5
City Hotel,USA,0,115,34,2,1,2,0,BB,0,2,125
City Hotel,USA,0,0,46,1,3,2,0,BB,1,1,106
City Hotel,USA,0,31,6,0,1,2,0,BB,0,1,89.3
City Hotel,USA,0,100,28,1,0,2,0,SC,0,1,112.5
City Hotel,USA,0,7,32,0,1,2,2,BB,0,1,240
City Hotel,USA,0,32,51,2,2,2,0,SC,0,1,66.59
City Hotel,USA,0,87,2,0,1,2,0,SC,0,1,88.2
City Hotel,USA,0,49,10,1,2,2,0,BB,2,1,86.76
City Hotel,USA,0,202,15,2,1,2,0,BB,3,1,215.1
City Hotel,USA,0,0,15,1,2,2,0,BB,1,1,162.67
City Hotel,USA,0,3,36,0,1,2,0,BB,0,1,143
City Hotel,USA,0,0,37,1,1,2,0,BB,0,1,133.5
City Hotel,USA,0,57,43,0,1,2,0,BB,1,1,94.5
City Hotel,USA,0,62,44,0,1,2,2,SC,0,1,139.5
City Hotel,USA,0,14,41,1,0,1,0,BB,0,1,120
City Hotel,USA,0,3,43,0,3,2,0,SC,0,1,114
City Hotel,USA,0,22,36,0,2,2,1,BB,0,1,199.82
City Hotel,USA,0,327,18,0,2,1,0,BB,2,1,93.5
City Hotel,USA,1,70,11,0,2,2,0,SC,0,1,67.5
City Hotel,USA,1,69,11,1,1,2,2,BB,1,1,150.3
City Hotel,USA,1,69,11,1,1,2,2,BB,1,1,150.3
City Hotel,USA,1,69,11,1,1,2,0,BB,1,1,72.9
City Hotel,USA,1,14,15,2,0,2,0,SC,0,1,89
City Hotel,USA,1,64,16,1,1,2,0,SC,0,1,94.5
City Hotel,USA,1,130,20,1,3,2,0,BB,0,1,113.05
City Hotel,USA,1,29,21,2,3,2,0,BB,0,1,132.72
City Hotel,USA,1,144,22,2,2,2,0,BB,1,1,118.15
City Hotel,USA,1,144,22,2,2,2,2,BB,1,1,177.65
City Hotel,USA,1,144,22,2,2,2,2,BB,1,1,177.65
City Hotel,USA,1,31,24,0,2,2,0,BB,0,1,110.7
City Hotel,USA,1,53,25,1,0,2,0,BB,0,1,129.2
City Hotel,USA,1,28,26,0,1,2,0,BB,0,1,126
City Hotel,USA,1,129,27,1,4,2,0,SC,0,1,80.75
City Hotel,USA,1,81,28,2,1,2,0,SC,0,1,103.5
City Hotel,USA,1,99,29,2,1,2,0,SC,0,1,94.5
City Hotel,USA,1,134,30,1,0,2,0,SC,0,1,94.5
City Hotel,USA,1,0,32,1,0,2,0,SC,0,1,109
City Hotel,USA,1,125,34,1,1,3,0,BB,0,1,137.7
City Hotel,USA,1,52,35,2,1,3,0,BB,0,1,150.9
City Hotel,USA,1,193,36,0,1,2,0,BB,1,1,108.9
City Hotel,USA,1,29,37,2,0,2,0,BB,0,1,130.15
City Hotel,USA,1,49,37,1,2,1,0,BB,0,1,115.5
City Hotel,USA,1,5,38,0,1,2,0,SC,0,1,159
City Hotel,USA,1,2,40,0,1,2,0,SC,1,1,0
City Hotel,USA,1,47,41,2,0,1,0,BB,0,1,127
City Hotel,USA,1,39,41,2,0,1,0,BB,1,1,134
City Hotel,USA,1,31,41,2,1,1,0,SC,0,1,114.3
City Hotel,USA,1,122,41,0,1,2,0,SC,0,1,108
City Hotel,USA,1,35,42,0,3,2,0,BB,0,1,151.5
City Hotel,USA,1,46,44,0,3,2,0,SC,0,1,112.67
City Hotel,USA,1,30,45,4,9,1,2,BB,0,1,186.22
City Hotel,USA,1,30,45,4,9,1,2,BB,0,1,186.22
City Hotel,USA,1,109,46,0,4,1,0,BB,0,1,216
City Hotel,USA,1,131,47,2,4,2,0,SC,0,1,85.27
City Hotel,USA,1,37,49,2,2,2,0,SC,0,1,74.8
City Hotel,USA,1,37,49,2,2,2,0,SC,0,1,74.8
City Hotel,USA,1,88,51,2,5,3,0,BB,2,1,119
City Hotel,USA,1,89,52,2,3,3,0,BB,0,1,119
City Hotel,USA,1,89,52,2,3,2,0,SC,0,1,74.8
City Hotel,USA,1,94,52,2,2,3,0,BB,0,1,119
City Hotel,USA,1,94,52,2,2,3,0,BB,0,1,119
City Hotel,USA,1,75,1,1,1,1,0,BB,0,1,86.4
City Hotel,USA,1,65,5,0,1,2,0,BB,0,1,93.6
City Hotel,USA,1,32,8,2,4,1,0,BB,0,1,100.3
City Hotel,USA,1,43,10,2,3,2,0,BB,0,1,100.3
City Hotel,USA,1,28,12,0,4,3,0,BB,0,1,127.93
City Hotel,USA,1,10,15,1,1,2,0,SC,0,1,115
City Hotel,USA,1,196,16,2,1,2,0,SC,0,1,99
City Hotel,USA,1,15,16,1,4,2,0,SC,0,1,115
City Hotel,USA,1,90,16,0,5,2,0,BB,0,1,135
City Hotel,USA,1,26,17,1,1,2,0,SC,0,1,115
City Hotel,USA,1,228,18,1,2,2,0,SC,0,1,99
City Hotel,USA,1,148,18,1,2,2,0,SC,0,1,108
City Hotel,USA,1,228,18,1,2,2,0,SC,0,1,110
City Hotel,USA,1,5,18,1,2,1,0,SC,1,1,190
City Hotel,USA,1,102,18,0,4,1,0,SC,2,1,111
City Hotel,USA,1,9,18,0,4,2,0,SC,0,1,150
City Hotel,USA,1,316,19,0,2,3,0,BB,0,1,142.2
City Hotel,USA,1,57,19,0,1,2,0,BB,0,1,152.1
City Hotel,USA,1,34,19,0,1,2,0,BB,0,1,169
City Hotel,USA,1,91,19,1,3,2,0,SC,2,1,127.25
City Hotel,USA,1,224,20,1,0,2,0,SC,0,1,107.1
City Hotel,USA,1,151,20,0,1,2,0,BB,0,1,140
City Hotel,USA,1,151,20,0,1,2,0,BB,0,1,140
City Hotel,USA,1,24,20,0,2,2,0,SC,0,1,128
City Hotel,USA,1,28,21,1,2,1,0,SC,0,1,160
City Hotel,USA,1,23,21,0,1,2,0,SC,0,1,160
City Hotel,USA,1,127,21,2,2,2,0,BB,0,1,126
City Hotel,USA,1,25,22,0,1,2,0,BB,0,1,160
City Hotel,USA,1,31,22,0,2,2,0,SC,0,1,140
City Hotel,USA,1,16,22,0,1,2,0,SC,0,1,140
City Hotel,USA,1,43,22,2,5,2,0,SC,0,1,140
City Hotel,USA,1,34,23,1,5,1,0,SC,0,1,130
City Hotel,USA,1,38,23,0,2,2,1,BB,0,1,160
City Hotel,USA,1,31,23,0,3,2,0,SC,0,1,146.67
City Hotel,USA,1,31,24,2,1,2,0,BB,2,1,126.67
City Hotel,USA,1,156,24,0,2,2,0,SC,0,1,126
City Hotel,USA,1,51,25,0,2,3,0,BB,0,1,200
City Hotel,USA,1,51,25,0,2,2,0,BB,0,1,240
City Hotel,USA,1,19,25,0,4,2,2,BB,0,1,250
City Hotel,USA,1,51,25,0,4,2,0,SC,0,1,135
City Hotel,USA,1,51,25,0,4,2,0,SC,0,1,135
City Hotel,USA,1,139,25,0,3,2,0,BB,0,1,126
City Hotel,USA,1,272,26,0,3,3,0,BB,0,1,149.4
City Hotel,USA,1,272,26,0,3,2,0,BB,0,1,117
City Hotel,USA,1,36,26,0,1,2,0,SC,0,1,160
City Hotel,USA,1,78,27,0,3,2,0,SC,0,1,120
City Hotel,USA,1,99,27,1,1,2,0,SC,0,1,120
City Hotel,USA,1,34,28,2,2,2,0,SC,0,1,130
City Hotel,USA,1,34,28,2,2,2,0,SC,0,1,130
City Hotel,USA,1,56,28,1,1,2,1,BB,0,1,160
City Hotel,USA,1,155,29,1,1,2,0,SC,0,1,89.1
City Hotel,USA,1,155,29,1,1,2,1,BB,0,1,125.1
City Hotel,USA,1,31,29,0,3,2,0,SC,0,1,140
City Hotel,USA,1,80,30,0,4,2,2,HB,0,1,287
City Hotel,USA,1,302,31,1,2,2,0,SC,0,1,89.1
City Hotel,USA,1,302,31,1,2,2,0,SC,0,1,89.1
City Hotel,USA,1,302,31,1,2,2,0,SC,0,1,89.1
City Hotel,USA,1,302,31,1,2,2,0,SC,0,1,89.1
City Hotel,USA,1,302,31,1,2,2,0,SC,0,1,89.1
City Hotel,USA,1,302,31,1,2,2,0,SC,0,1,89.1
City Hotel,USA,1,19,31,2,2,3,0,BB,0,1,260
City Hotel,USA,1,168,32,4,10,1,0,BB,0,1,119.83
City Hotel,USA,1,172,32,4,10,1,0,BB,0,1,128.83
City Hotel,USA,1,158,32,0,2,2,0,SC,0,1,118.75
City Hotel,USA,1,28,32,0,3,2,0,SC,0,1,160
City Hotel,USA,1,128,32,0,4,2,0,SC,1,1,125
City Hotel,USA,1,128,32,0,4,2,2,BB,1,1,235
City Hotel,USA,1,128,32,0,4,3,0,BB,1,1,195
City Hotel,USA,1,128,32,0,4,2,0,SC,1,1,125
City Hotel,USA,1,27,32,0,1,2,0,SC,1,1,160
City Hotel,USA,1,176,33,2,3,2,0,BB,0,1,115.02
City Hotel,USA,1,121,34,2,4,2,0,SC,0,1,125
City Hotel,USA,1,211,34,0,1,1,0,BB,0,1,108
City Hotel,USA,1,42,34,0,2,2,0,SC,0,1,129
City Hotel,USA,1,17,34,0,2,2,0,SC,0,1,129.5
City Hotel,USA,1,81,34,1,1,1,0,BB,0,1,170
City Hotel,USA,1,17,35,1,0,2,0,SC,0,1,89
City Hotel,USA,1,68,35,0,2,2,0,SC,0,1,129
City Hotel,USA,0,18,38,0,3,2,0,SC,0,1,73.92
City Hotel,USA,0,12,38,2,7,1,0,BB,0,1,130.22
City Hotel,USA,0,12,38,2,7,1,0,BB,0,1,130.22
City Hotel,USA,0,23,38,1,4,2,0,BB,0,1,68
City Hotel,USA,0,32,39,0,4,2,0,BB,0,1,155.8
City Hotel,USA,0,42,40,0,1,2,0,BB,0,1,86.4
City Hotel,USA,0,51,40,2,6,1,0,BB,0,1,69.12
City Hotel,USA,0,27,41,1,0,2,0,BB,0,1,80.85
City Hotel,USA,0,93,41,0,4,2,0,BB,0,1,89.25
City Hotel,USA,0,10,52,2,2,2,0,SC,0,1,52.36
City Hotel,USA,0,4,52,2,5,2,0,BB,0,1,92.43
City Hotel,USA,0,21,53,2,2,2,2,BB,0,1,187
City Hotel,USA,0,0,53,1,0,2,0,BB,0,1,74.69
City Hotel,USA,0,30,1,0,2,2,0,SC,0,1,92
City Hotel,USA,0,9,3,0,2,2,0,BB,0,1,80.3
City Hotel,USA,0,31,6,0,1,2,0,BB,0,1,80.3
City Hotel,USA,0,37,7,1,2,0,2,BB,0,1,69.5
City Hotel,USA,0,87,11,1,4,1,0,BB,0,1,53.67
City Hotel,USA,0,72,12,0,3,2,0,BB,0,1,81.3
City Hotel,USA,0,89,13,2,5,2,0,BB,0,1,83.66
City Hotel,USA,0,86,13,2,3,2,0,BB,1,1,95.85
City Hotel,USA,0,129,20,1,2,1,0,BB,0,1,121.5
City Hotel,USA,0,274,40,0,2,2,0,BB,0,1,115.2
City Hotel,USA,0,24,36,0,2,2,0,BB,0,1,80.85
City Hotel,USA,0,0,39,0,2,2,0,SC,0,1,117.04
City Hotel,USA,0,12,39,1,1,2,0,BB,0,1,200
City Hotel,USA,0,12,39,1,1,2,0,BB,0,1,200
City Hotel,USA,0,18,40,0,1,2,0,BB,0,1,82.39
City Hotel,USA,0,0,41,0,4,1,0,BB,0,1,159.75
City Hotel,USA,0,0,41,0,2,1,0,SC,1,1,117.04
City Hotel,USA,0,6,43,2,2,2,0,BB,0,1,97.02
City Hotel,USA,0,7,43,0,1,2,0,SC,0,1,114
City Hotel,USA,0,6,49,0,1,1,0,BB,0,1,81
City Hotel,USA,0,31,51,0,1,2,1,SC,0,1,51.97
City Hotel,USA,0,31,51,0,1,3,0,SC,1,1,76.23
City Hotel,USA,0,71,53,0,5,3,0,BB,0,1,112.58
City Hotel,USA,0,48,2,2,5,2,0,BB,0,1,84.45
City Hotel,USA,0,1,3,2,6,2,0,BB,0,1,82.45
City Hotel,USA,0,22,8,0,2,2,0,SC,0,1,81
City Hotel,USA,0,0,9,0,1,2,0,BB,1,1,89
City Hotel,USA,0,9,11,1,0,1,0,SC,0,1,90
City Hotel,USA,0,3,11,0,3,2,0,BB,1,1,91
City Hotel,USA,0,44,11,0,3,2,0,SC,0,1,71.1
City Hotel,USA,0,62,11,1,2,2,0,BB,0,1,60.29
City Hotel,USA,0,6,12,2,1,3,0,BB,0,1,177
City Hotel,USA,0,0,13,0,1,3,0,SC,1,1,135
City Hotel,USA,0,49,12,2,4,2,0,BB,0,1,106.25
City Hotel,USA,0,11,13,0,2,2,0,BB,0,1,161
City Hotel,USA,0,39,14,1,0,2,0,BB,0,1,117.9
City Hotel,USA,0,73,14,0,2,2,0,SC,2,1,60.29
City Hotel,USA,0,2,14,1,3,1,0,BB,0,1,91.5
City Hotel,USA,0,10,15,2,0,2,0,SC,0,1,89
City Hotel,USA,0,28,15,0,1,1,0,BB,1,1,90
City Hotel,USA,0,23,11,1,0,2,0,BB,0,1,85
City Hotel,USA,0,64,15,0,1,2,0,SC,0,1,94.5
City Hotel,USA,0,31,15,0,1,1,0,BB,0,1,90
City Hotel,USA,0,11,16,1,0,1,0,BB,0,1,90
City Hotel,USA,0,7,16,2,0,2,0,BB,0,1,124
City Hotel,USA,0,14,16,0,2,2,0,BB,0,1,142
City Hotel,USA,0,1,16,1,1,2,0,BB,0,1,77.77
City Hotel,USA,0,38,17,2,1,2,0,SC,0,1,68.14
City Hotel,USA,0,34,17,0,1,2,0,BB,0,1,105.3
City Hotel,USA,0,16,17,0,1,2,0,SC,0,1,119
City Hotel,USA,0,35,18,2,0,2,0,BB,0,1,118.8
City Hotel,USA,0,3,18,1,2,2,0,BB,0,1,131
City Hotel,USA,0,97,18,1,3,2,0,SC,0,1,80.75
City Hotel,USA,0,45,18,0,1,2,0,BB,0,1,106.2
City Hotel,USA,0,4,19,1,0,1,0,BB,0,1,125
City Hotel,USA,0,99,18,2,4,2,0,BB,0,1,107.95
City Hotel,USA,0,1,19,0,2,2,0,SC,0,1,138
City Hotel,USA,0,24,20,2,3,1,0,BB,0,1,95
City Hotel,USA,0,24,20,2,3,1,0,BB,0,1,95
City Hotel,USA,0,73,20,0,1,2,0,BB,0,1,126.9
City Hotel,USA,0,5,21,1,0,2,0,SC,0,1,68.53
City Hotel,USA,0,53,21,0,1,2,0,BB,0,1,126.9
City Hotel,USA,0,116,21,0,1,2,0,BB,0,1,105.3
City Hotel,USA,0,31,21,2,4,1,0,BB,1,1,95
City Hotel,USA,0,23,22,1,0,2,1,BB,0,1,173.5
City Hotel,USA,0,228,22,2,0,2,0,BB,0,1,106.2
City Hotel,USA,0,8,22,0,1,2,0,SC,0,1,99
City Hotel,USA,0,27,22,2,2,2,0,BB,0,1,90.84
City Hotel,USA,0,87,22,0,1,1,0,BB,0,1,94.25
City Hotel,USA,0,73,22,1,4,2,0,BB,2,1,129.96
City Hotel,USA,0,135,22,2,1,2,0,SC,0,1,101.7
City Hotel,USA,0,18,23,2,1,1,0,BB,0,1,112.33
City Hotel,USA,0,38,23,0,1,2,0,SC,0,1,89.1
City Hotel,USA,0,2,23,0,1,2,0,BB,0,1,120
City Hotel,USA,0,110,23,0,1,2,0,BB,0,1,150
City Hotel,USA,0,19,23,0,3,3,0,BB,0,1,170.33
City Hotel,USA,0,15,23,1,3,2,0,SC,0,1,93.56
City Hotel,USA,0,111,24,2,0,2,0,BB,0,1,116.1
City Hotel,USA,0,14,24,0,1,2,0,BB,0,1,121
City Hotel,USA,0,63,24,0,1,2,0,SC,2,1,109
City Hotel,USA,0,14,24,0,4,1,0,BB,0,1,110.8
City Hotel,USA,0,14,24,0,4,2,0,BB,0,1,110.8
City Hotel,USA,0,106,24,0,4,2,0,BB,0,1,92.28
City Hotel,USA,0,2,25,1,0,2,0,SC,0,1,79
City Hotel,USA,0,34,25,2,1,0,2,BB,0,1,119.5
City Hotel,USA,0,34,25,2,1,2,0,BB,1,1,119.5
City Hotel,USA,0,243,26,2,0,2,0,BB,0,1,95.58
City Hotel,USA,0,243,26,2,0,2,0,BB,0,1,95.58
City Hotel,USA,0,48,26,0,1,2,0,SC,0,1,89.1
City Hotel,USA,0,59,26,1,1,2,0,SC,0,1,89.1
City Hotel,USA,0,50,26,0,1,2,0,BB,0,1,76.92
City Hotel,USA,0,50,26,0,1,2,0,BB,0,1,76.92
City Hotel,USA,0,87,27,1,0,2,0,SC,0,1,85.5
City Hotel,USA,0,39,27,2,0,2,0,BB,0,1,99.9
City Hotel,USA,0,16,27,1,0,2,1,BB,0,1,134.8
City Hotel,USA,0,146,27,0,1,2,0,BB,0,1,85.5
City Hotel,USA,0,17,27,0,2,3,1,BB,0,1,237
City Hotel,USA,0,38,27,0,1,2,0,SC,0,1,107.1
City Hotel,USA,0,54,27,0,1,2,0,SC,0,1,107.1
City Hotel,USA,0,140,27,1,1,2,2,BB,0,1,88.77
City Hotel,USA,0,137,27,1,1,2,2,BB,0,1,88.77
City Hotel,USA,0,160,27,1,3,2,0,BB,0,1,90.95
City Hotel,USA,0,138,27,2,2,2,0,BB,0,1,71.67
City Hotel,USA,0,53,28,2,1,2,0,SC,0,1,107.1
City Hotel,USA,0,0,28,0,3,2,0,SC,0,1,110.46
City Hotel,USA,0,4,28,0,3,2,0,BB,0,1,151
City Hotel,USA,0,118,28,0,1,2,0,BB,0,1,88.01
City Hotel,USA,0,57,29,0,1,2,0,BB,0,1,105.3
City Hotel,USA,0,97,29,0,2,2,1,BB,1,1,121.5
City Hotel,USA,0,4,29,0,1,2,1,BB,0,1,151
City Hotel,USA,0,33,29,0,1,1,0,SC,0,1,125.1
City Hotel,USA,0,121,29,2,1,2,0,BB,0,1,105.3
City Hotel,USA,0,60,30,0,1,2,0,BB,0,1,81.08
City Hotel,USA,0,11,32,0,1,2,1,BB,0,1,138.5
City Hotel,USA,0,23,32,0,2,2,0,BB,0,1,151
City Hotel,USA,0,11,33,1,0,2,2,BB,0,1,191.35
City Hotel,USA,0,116,33,0,1,2,2,BB,0,1,202.74
City Hotel,USA,0,40,33,1,1,2,0,BB,1,1,205.38
City Hotel,USA,0,6,34,1,2,2,0,BB,0,1,180.67
City Hotel,USA,0,5,34,0,1,2,0,BB,0,1,130
City Hotel,USA,0,155,35,1,0,2,0,SC,0,1,94.5
City Hotel,USA,0,155,35,1,0,2,1,BB,0,1,121.5
City Hotel,USA,0,7,35,0,1,2,0,SC,0,1,128
City Hotel,USA,0,168,34,2,2,2,1,BB,0,1,99.87
City Hotel,USA,0,4,35,0,1,2,0,BB,1,1,149
City Hotel,USA,0,10,35,1,4,3,0,BB,0,1,160.16
City Hotel,USA,0,8,35,1,5,2,0,BB,0,1,99.46
City Hotel,USA,0,1,35,1,2,1,0,BB,0,1,174
City Hotel,USA,0,191,36,0,4,2,0,BB,1,1,84.43
City Hotel,USA,0,3,36,0,1,2,0,BB,0,1,140
City Hotel,USA,0,182,36,0,1,2,0,BB,0,1,97.71
City Hotel,USA,0,62,36,0,1,2,0,BB,0,1,109.8
City Hotel,USA,0,23,37,1,0,2,0,BB,0,1,93.94
City Hotel,USA,0,9,37,2,2,1,0,BB,0,1,94.86
City Hotel,USA,0,67,37,0,3,2,0,BB,0,1,114.34
City Hotel,USA,0,23,37,0,2,2,0,BB,0,1,130
City Hotel,USA,0,213,37,0,3,2,0,BB,0,1,117.11
City Hotel,USA,0,2,38,1,0,2,0,BB,0,1,145
City Hotel,USA,0,78,38,2,0,3,0,BB,0,1,160.08
City Hotel,USA,0,58,38,0,2,2,0,BB,0,1,124.04
City Hotel,USA,0,31,38,0,1,2,0,SC,0,1,125.1
City Hotel,USA,0,15,38,0,2,2,0,BB,0,1,141.68
City Hotel,USA,0,197,38,0,3,2,0,SC,0,1,116.1
City Hotel,USA,0,67,38,2,2,2,0,BB,0,1,137.7
City Hotel,USA,0,89,38,2,2,2,0,BB,3,1,149.4
City Hotel,USA,0,88,38,2,3,2,0,BB,4,1,149.4
City Hotel,USA,0,42,35,8,20,0,0,BB,2,1,0
City Hotel,USA,0,36,40,2,0,2,0,BB,0,1,90.09
City Hotel,USA,0,11,40,2,1,2,0,SC,0,1,129
City Hotel,USA,0,76,40,0,3,1,0,SC,0,1,125.1
City Hotel,USA,0,57,39,2,5,2,0,BB,0,1,146.96
City Hotel,USA,0,78,40,0,3,2,0,BB,0,1,95
City Hotel,USA,0,33,41,1,0,1,0,SC,0,1,120.6
City Hotel,USA,0,26,41,2,0,1,0,SC,0,1,134
City Hotel,USA,0,0,40,2,1,1,0,BB,0,1,150
City Hotel,USA,0,1,41,2,1,1,0,BB,0,1,154
City Hotel,USA,0,185,41,0,2,2,0,BB,0,1,122.4
City Hotel,USA,0,45,41,0,3,2,0,BB,0,1,102.04
City Hotel,USA,0,40,41,1,4,2,0,BB,0,1,95.48
City Hotel,USA,0,59,42,1,0,2,0,SC,0,1,108
City Hotel,USA,0,163,41,1,1,1,0,SC,2,1,91.63
City Hotel,USA,0,102,42,1,0,2,0,SC,0,1,108
City Hotel,USA,0,17,41,2,2,2,0,BB,1,1,117.04
City Hotel,USA,0,1,42,0,2,2,0,SC,0,1,100.1
City Hotel,USA,0,5,42,0,2,2,0,BB,0,1,215.6
City Hotel,USA,0,53,41,3,6,2,0,BB,0,1,223.2
City Hotel,USA,0,50,43,1,0,2,0,SC,0,1,108
City Hotel,USA,0,28,43,0,1,1,0,SC,0,1,87.01
City Hotel,USA,0,7,43,0,2,2,0,SC,0,1,116.8
City Hotel,USA,0,193,43,0,4,1,0,BB,3,1,72.76
City Hotel,USA,0,220,43,1,3,2,0,SC,0,1,80.75
City Hotel,USA,0,220,43,1,3,2,0,SC,0,1,80.75
City Hotel,USA,0,3,44,0,1,1,0,SC,0,1,84.7
City Hotel,USA,0,7,44,0,1,2,0,SC,0,1,120
City Hotel,USA,0,69,44,0,1,1,0,SC,0,1,57.52
City Hotel,USA,0,86,44,0,4,3,0,BB,2,1,123.3
City Hotel,USA,0,21,44,2,2,1,0,SC,0,1,109
City Hotel,USA,0,11,45,1,5,2,0,BB,0,1,110
City Hotel,USA,0,94,45,1,3,2,0,SC,0,1,79.2
City Hotel,USA,0,94,45,1,3,2,0,SC,0,1,79.2
City Hotel,USA,0,11,45,2,4,2,0,SC,0,1,96.41
City Hotel,USA,0,5,46,2,3,2,0,SC,0,1,106.68
City Hotel,USA,0,17,46,0,4,2,0,BB,0,1,143.43
City Hotel,USA,0,57,46,0,2,2,0,SC,0,1,79.2
City Hotel,USA,0,33,46,0,2,1,0,SC,0,1,104
City Hotel,USA,0,33,46,0,2,1,0,SC,1,1,110
City Hotel,USA,0,92,46,1,2,2,0,BB,0,1,106.5
City Hotel,USA,0,71,46,1,5,2,1,BB,0,1,155.49
City Hotel,USA,0,4,47,1,0,1,0,SC,0,1,65.46
City Hotel,USA,0,77,47,1,1,2,0,BB,0,1,93.6
City Hotel,USA,0,260,47,1,4,2,0,BB,0,1,56.94
City Hotel,USA,0,54,47,2,2,2,0,SC,0,1,74.8
City Hotel,USA,0,73,49,0,1,2,0,SC,0,1,60.98
City Hotel,USA,0,42,49,2,4,1,0,SC,0,1,48.5
City Hotel,USA,0,20,50,2,0,2,0,SC,0,1,88
City Hotel,USA,0,25,50,0,4,2,0,BB,0,1,88.4
City Hotel,USA,0,55,50,1,2,2,0,SC,0,1,79.2
City Hotel,USA,0,5,51,0,1,2,0,BB,0,1,96
City Hotel,USA,0,26,52,0,1,2,0,SC,0,1,67.76
City Hotel,USA,0,1,53,0,2,3,0,BB,1,1,188
City Hotel,USA,0,1,53,0,2,2,0,SC,1,1,120
City Hotel,USA,0,5,1,2,0,2,0,BB,0,1,110.25
City Hotel,USA,0,88,1,1,1,2,2,BB,0,1,168.33
City Hotel,USA,0,40,1,0,3,2,0,SC,0,1,67.76
City Hotel,USA,0,12,1,0,3,1,0,BB,1,1,90.1
City Hotel,USA,0,3,1,0,3,1,0,BB,0,1,90.1
City Hotel,USA,0,32,1,0,4,2,0,BB,0,1,68.07
City Hotel,USA,0,35,2,0,1,3,0,SC,0,1,100.4
City Hotel,USA,0,1,2,2,1,1,0,SC,1,1,69.7
City Hotel,USA,0,33,2,2,6,2,0,BB,0,1,72.12
City Hotel,USA,0,34,2,3,6,1,0,BB,0,1,62.83
City Hotel,USA,0,15,3,2,2,2,0,SC,0,1,64.31
City Hotel,USA,0,48,4,0,2,1,0,SC,0,1,54.05
City Hotel,USA,0,2,5,0,1,1,0,SC,0,1,88
City Hotel,USA,0,23,5,0,0,2,0,BB,0,1,0
City Hotel,USA,0,1,6,0,1,1,0,SC,0,1,57.06
City Hotel,USA,0,23,5,4,9,1,0,SC,0,1,43.53
City Hotel,USA,0,15,7,1,3,2,0,BB,3,1,223
City Hotel,USA,0,32,7,0,4,2,0,SC,1,1,57.6
City Hotel,USA,0,50,7,1,3,2,0,BB,0,1,65.91
City Hotel,USA,0,16,8,0,4,2,0,BB,0,1,100.73
City Hotel,USA,0,1,9,0,1,1,0,SC,0,1,88
City Hotel,USA,0,235,9,0,1,2,0,SC,0,1,60.98
City Hotel,USA,0,23,9,0,3,1,0,SC,0,1,88
City Hotel,USA,0,15,9,1,3,1,0,SC,0,1,74.8
City Hotel,USA,0,286,9,2,1,2,0,BB,0,1,63.06
City Hotel,USA,0,52,11,2,2,2,0,BB,0,1,100.3
City Hotel,USA,0,71,11,0,1,2,0,SC,0,1,60.98
City Hotel,USA,0,43,12,1,1,2,0,BB,1,1,141.7
City Hotel,USA,0,93,12,0,4,2,0,BB,2,1,91.93
City Hotel,USA,0,113,12,2,4,2,0,BB,0,1,70.68
City Hotel,USA,0,0,24,0,2,1,0,BB,0,1,150
City Hotel,USA,0,88,13,0,1,2,0,BB,0,1,88.2
City Hotel,USA,0,159,13,2,2,2,0,SC,0,1,71.57
City Hotel,USA,0,65,14,2,4,2,0,SC,0,1,76.23
City Hotel,USA,0,91,14,0,4,1,0,SC,2,1,69.3
City Hotel,USA,0,81,14,0,4,2,0,BB,0,1,127.8
City Hotel,USA,0,1,14,1,2,2,0,SC,0,1,120
City Hotel,USA,0,202,15,2,1,0,2,BB,0,1,103.05
City Hotel,USA,0,50,15,0,1,2,0,SC,0,1,108
City Hotel,USA,0,50,15,0,1,2,0,SC,0,1,108
City Hotel,USA,0,9,15,0,3,2,0,BB,0,1,210
City Hotel,USA,0,1,15,0,1,2,0,SC,0,1,121.59
City Hotel,USA,0,34,15,1,1,2,0,SC,0,1,120
City Hotel,USA,0,11,15,2,2,2,0,SC,0,1,106
City Hotel,USA,0,83,16,0,1,2,0,SC,2,1,108
City Hotel,USA,0,1,16,0,1,2,1,BB,0,1,160
City Hotel,USA,0,257,15,2,6,2,2,BB,3,1,201.66
City Hotel,USA,0,255,15,2,6,0,2,BB,1,1,101.7
City Hotel,USA,0,75,16,1,2,3,0,BB,0,1,171
City Hotel,USA,0,130,16,2,2,2,0,SC,0,1,89
City Hotel,USA,0,130,16,2,2,2,0,SC,0,1,89
City Hotel,USA,0,279,17,1,2,1,0,BB,1,1,109.8
City Hotel,USA,0,325,18,1,0,1,0,BB,0,1,93.5
City Hotel,USA,0,256,18,0,1,2,0,SC,0,1,110
City Hotel,USA,0,18,18,2,1,2,0,BB,0,1,184
City Hotel,USA,0,0,18,0,2,1,0,SC,1,1,190
City Hotel,USA,0,8,18,0,3,2,0,BB,0,1,180
City Hotel,USA,0,8,18,0,2,2,0,BB,0,1,290
City Hotel,USA,0,82,18,0,3,2,0,SC,0,1,108
City Hotel,USA,0,4,18,0,1,2,0,BB,0,1,232
City Hotel,USA,0,82,18,0,3,2,0,SC,0,1,108
City Hotel,USA,0,15,18,0,1,2,0,SC,0,1,120
City Hotel,USA,0,83,18,0,4,2,0,BB,0,1,98.76
City Hotel,USA,0,38,18,0,2,1,0,BB,1,1,179
City Hotel,USA,0,38,18,0,2,2,0,BB,0,1,209
City Hotel,USA,0,68,18,0,3,3,0,BB,0,1,216
City Hotel,USA,0,59,19,1,1,2,0,SC,0,1,125.8
City Hotel,USA,0,155,19,0,1,2,0,BB,0,1,144
City Hotel,USA,0,22,19,0,1,2,0,HB,1,1,245
City Hotel,USA,0,93,19,0,1,2,0,BB,0,1,148.5
City Hotel,USA,0,22,19,0,1,2,0,HB,1,1,245
City Hotel,USA,0,93,19,0,1,2,0,BB,0,1,148.5
City Hotel,USA,0,9,19,1,2,1,0,SC,0,1,160
City Hotel,USA,0,123,20,1,2,3,0,BB,0,1,199.8
City Hotel,USA,0,99,19,2,3,2,0,BB,0,1,140.4
City Hotel,USA,0,9,20,0,1,2,0,BB,0,1,136
City Hotel,USA,0,12,20,0,1,2,0,SC,0,1,112
City Hotel,USA,0,12,20,1,1,2,0,BB,0,1,170
City Hotel,USA,0,20,21,1,0,2,0,SC,0,1,130
City Hotel,USA,0,59,20,2,1,2,0,SC,0,1,144
City Hotel,USA,0,20,21,2,1,2,0,SC,0,1,130
City Hotel,USA,0,18,21,0,1,2,0,BB,0,1,114
City Hotel,USA,0,33,21,1,2,2,0,SC,0,1,160
City Hotel,USA,0,31,21,1,2,1,0,BB,1,1,144.4
City Hotel,USA,0,90,21,2,2,2,0,SC,0,1,119.25
City Hotel,USA,0,183,22,2,0,2,0,BB,0,1,139.5
City Hotel,USA,0,183,22,2,0,2,0,BB,1,1,139.5
City Hotel,USA,0,183,22,2,0,2,0,BB,1,1,139.5
City Hotel,USA,0,183,22,2,0,2,0,BB,2,1,108
City Hotel,USA,0,183,22,2,0,2,0,BB,1,1,139.5
City Hotel,USA,0,183,22,2,0,2,0,BB,2,1,108
City Hotel,USA,0,183,22,2,0,2,0,BB,1,1,139.5
City Hotel,USA,0,183,22,2,0,2,0,BB,2,1,108
City Hotel,USA,0,183,22,2,0,2,0,BB,2,1,108
City Hotel,USA,0,16,22,1,0,3,0,BB,0,1,220
City Hotel,USA,0,183,22,2,0,2,0,BB,2,1,108
City Hotel,USA,0,0,22,0,2,2,0,SC,0,1,139.5
City Hotel,USA,0,51,22,2,3,2,0,BB,1,1,165.2
City Hotel,USA,0,30,23,0,1,2,0,SC,0,1,96
City Hotel,USA,0,18,23,1,2,2,0,BB,0,1,125.33
City Hotel,USA,0,16,23,0,1,2,0,SC,0,1,120
City Hotel,USA,0,29,23,0,2,3,1,BB,0,1,139.4
City Hotel,USA,0,131,23,0,3,2,0,BB,0,1,144
City Hotel,USA,0,131,23,0,3,2,0,BB,0,1,144
City Hotel,USA,0,36,23,0,3,1,0,BB,0,1,136.67
City Hotel,USA,0,33,23,1,5,2,0,BB,0,1,141.67
City Hotel,USA,0,29,24,1,0,2,0,SC,0,1,120
City Hotel,USA,0,32,23,2,4,3,0,BB,0,1,223.33
City Hotel,USA,0,21,24,1,1,1,0,BB,4,1,109
City Hotel,USA,0,34,23,2,6,1,0,SC,1,1,125
City Hotel,USA,0,32,24,1,1,2,0,BB,8,1,190
City Hotel,USA,0,26,24,2,2,2,0,BB,0,1,139
City Hotel,USA,0,44,24,0,1,2,0,BB,0,1,150
City Hotel,USA,0,0,24,0,1,1,0,BB,1,1,100.8
City Hotel,USA,0,43,24,2,5,2,0,BB,0,1,145.71
City Hotel,USA,0,172,25,2,0,2,2,BB,0,1,219.46
City Hotel,USA,0,50,25,1,1,2,0,BB,2,1,150
City Hotel,USA,0,197,25,0,1,2,2,BB,0,1,189
City Hotel,USA,0,166,25,0,2,2,2,BB,3,1,189
City Hotel,USA,0,55,25,0,2,2,0,SC,1,1,96
City Hotel,USA,0,37,25,0,5,2,0,BB,0,1,170
City Hotel,USA,0,43,25,1,5,1,0,SC,1,1,101.33
City Hotel,USA,0,2,26,0,1,2,0,SC,0,1,160
City Hotel,USA,0,108,26,1,4,2,0,BB,0,1,126
City Hotel,USA,0,0,26,0,1,3,0,BB,0,1,149.4
City Hotel,USA,0,71,26,0,2,1,0,SC,0,1,110
City Hotel,USA,0,176,26,0,2,3,0,BB,0,1,124.39
City Hotel,USA,0,42,27,1,0,2,1,BB,0,1,149
City Hotel,USA,0,72,27,2,0,3,0,HB,0,1,247
City Hotel,USA,0,68,26,2,3,2,1,BB,0,1,133.48
City Hotel,USA,0,82,27,2,1,2,0,BB,2,1,130.5
City Hotel,USA,0,16,27,0,1,3,1,BB,0,1,237.48
City Hotel,USA,0,39,27,0,1,2,0,SC,0,1,160
City Hotel,USA,0,170,27,0,1,2,0,BB,0,1,89.1
City Hotel,USA,0,0,28,1,0,2,0,SC,0,1,140
City Hotel,USA,0,1,28,1,0,2,3,BB,0,1,264.44
City Hotel,USA,0,53,27,2,1,2,0,BB,0,1,160
City Hotel,USA,0,48,28,0,1,2,0,BB,2,1,140
City Hotel,USA,0,21,28,0,1,1,0,SC,0,1,120
City Hotel,USA,0,22,28,0,2,2,0,SC,0,1,139
City Hotel,USA,0,7,29,2,0,2,0,SC,0,1,122.5
City Hotel,USA,0,14,29,0,1,2,2,BB,0,1,259
City Hotel,USA,0,173,29,0,3,2,0,BB,1,1,89.1
City Hotel,USA,0,81,29,0,3,2,0,BB,1,1,120
City Hotel,USA,0,78,29,0,3,2,0,SC,0,1,91.2
City Hotel,USA,0,9,29,0,2,2,0,SC,0,1,95.2
City Hotel,USA,0,48,29,1,4,2,2,BB,0,1,232.16
City Hotel,USA,0,29,30,1,1,2,0,SC,0,1,140
City Hotel,USA,0,70,29,2,2,3,0,BB,0,1,197.5
City Hotel,USA,0,83,29,2,2,3,0,BB,0,1,190
City Hotel,USA,0,68,30,1,1,2,0,BB,0,1,115.2
City Hotel,USA,0,68,30,0,1,3,0,BB,0,1,230
City Hotel,USA,0,89,30,0,2,2,0,SC,0,1,96
City Hotel,USA,0,34,30,1,1,2,2,BB,0,1,250.96
City Hotel,USA,0,76,31,1,1,2,0,BB,0,1,150
City Hotel,USA,0,142,31,1,2,2,1,BB,0,1,164
City Hotel,USA,0,24,31,1,2,2,2,HB,2,1,266.2
City Hotel,USA,0,127,33,1,1,2,2,BB,0,1,300
City Hotel,USA,0,0,33,0,1,2,2,BB,0,1,259
City Hotel,USA,0,10,33,0,1,2,1,BB,0,1,260
City Hotel,USA,0,63,34,0,2,2,0,BB,1,1,139
City Hotel,USA,0,101,34,2,4,1,0,BB,0,1,135
City Hotel,USA,0,12,34,0,1,3,0,BB,0,1,240
City Hotel,USA,0,169,34,1,2,2,0,BB,0,1,139.5
City Hotel,USA,0,0,35,1,0,2,0,SC,0,1,75.24
City Hotel,USA,0,169,34,1,2,2,0,BB,0,1,139.5
City Hotel,USA,0,52,35,1,0,1,0,SC,0,1,140
City Hotel,USA,0,189,35,0,3,2,0,BB,1,1,80.1
City Hotel,USA,0,147,35,1,5,2,0,BB,0,1,117
City Hotel,USA,0,135,35,1,4,2,0,BB,0,1,143.1
City Hotel,USA,0,226,30,0,2,2,0,BB,0,1,76.5
City Hotel,USA,0,226,30,0,2,2,0,BB,0,1,76.5
City Hotel,USA,0,226,30,0,2,2,0,BB,0,1,76.5
City Hotel,USA,0,226,30,0,2,2,0,BB,0,1,76.5
City Hotel,USA,0,226,30,0,2,2,0,BB,0,1,76.5
City Hotel,USA,0,226,30,0,2,2,0,BB,0,1,76.5
City Hotel,USA,0,226,30,0,2,2,0,BB,0,1,76.5
City Hotel,USA,0,226,30,0,2,2,0,BB,0,1,76.5
City Hotel,USA,0,226,30,0,2,2,0,BB,0,1,76.5
City Hotel,USA,0,226,30,0,2,2,0,BB,0,1,76.5
City Hotel,USA,0,226,30,0,2,2,0,BB,0,1,76.5
City Hotel,USA,0,226,30,0,2,2,0,BB,0,1,76.5
City Hotel,USA,0,226,30,0,2,2,0,BB,0,1,76.5
City Hotel,USA,0,226,30,0,2,2,0,BB,0,1,76.5
City Hotel,USA,0,226,30,0,2,2,0,BB,0,1,76.5
City Hotel,USA,0,226,30,0,2,2,0,BB,0,1,76.5
City Hotel,USA,0,226,30,0,2,2,0,BB,0,1,76.5
City Hotel,USA,0,168,17,2,3,2,0,BB,1,1,81.2
City Hotel,USA,1,160,25,2,2,2,0,BB,1,1,103.22
City Hotel,USA,1,0,26,0,2,2,0,BB,1,1,117
City Hotel,USA,1,0,26,0,2,3,0,BB,0,1,149.4
City Hotel,USA,0,233,45,1,1,2,0,BB,0,1,60
City Hotel,USA,0,71,12,0,2,2,0,BB,0,1,69
City Hotel,USA,0,9,5,0,2,2,0,BB,1,1,78.25
City Hotel,USA,0,133,11,1,2,2,0,BB,0,1,84.33
City Hotel,USA,0,133,11,1,2,2,0,BB,0,1,84.33
City Hotel,USA,0,133,11,1,2,2,0,BB,0,1,84.33
City Hotel,USA,0,133,11,1,2,2,0,BB,0,1,84.33
City Hotel,USA,0,133,11,1,2,2,0,BB,0,1,84.33
City Hotel,USA,0,133,11,1,2,2,0,BB,0,1,84.33
City Hotel,USA,0,133,11,1,2,2,0,BB,0,1,84.33
City Hotel,USA,0,133,11,1,2,2,0,BB,0,1,84.33
City Hotel,USA,0,133,11,1,2,2,0,BB,0,1,42.17
City Hotel,USA,0,133,11,1,2,1,0,BB,1,1,74.67
City Hotel,USA,0,133,11,1,2,2,0,BB,0,1,84.33
City Hotel,USA,0,133,11,1,2,2,0,BB,0,1,84.33
City Hotel,USA,0,94,16,0,2,2,0,BB,0,1,96.3
City Hotel,USA,0,94,16,0,2,2,0,BB,0,1,96.3
City Hotel,USA,0,94,16,0,2,2,0,BB,0,1,96.3
City Hotel,USA,0,77,18,1,1,2,0,BB,3,1,109.8
City Hotel,USA,0,196,20,1,3,2,0,BB,3,1,80.75
City Hotel,USA,0,196,20,1,3,2,0,BB,0,1,80.75
City Hotel,USA,0,196,20,1,3,2,0,BB,0,1,80.75
City Hotel,USA,0,196,20,1,3,2,0,BB,0,1,80.75
City Hotel,USA,0,220,23,2,1,2,0,BB,0,1,73.33
City Hotel,USA,0,220,23,2,1,2,0,BB,0,1,73.33
City Hotel,USA,0,220,23,2,1,2,0,BB,0,1,73.33
City Hotel,USA,0,220,23,2,1,2,0,BB,0,1,73.33
City Hotel,USA,0,220,23,2,1,2,0,BB,0,1,73.33
City Hotel,USA,0,220,23,2,1,2,0,BB,1,1,73.33
City Hotel,USA,0,220,23,2,1,2,0,BB,0,1,73.33
City Hotel,USA,0,220,23,2,1,2,0,BB,0,1,73.33
City Hotel,USA,0,220,23,2,1,2,0,BB,0,1,73.33
City Hotel,USA,0,220,23,2,1,2,0,BB,0,1,73.33
City Hotel,USA,0,220,23,2,1,2,0,BB,0,1,73.33
City Hotel,USA,0,220,23,2,1,2,0,BB,0,1,73.33
City Hotel,USA,0,220,23,2,1,2,0,BB,0,1,73.33
City Hotel,USA,0,220,23,2,1,2,0,BB,1,1,73.33
City Hotel,USA,0,220,23,2,1,2,0,BB,0,1,73.33
City Hotel,USA,0,220,23,2,1,2,0,BB,0,1,73.33
City Hotel,USA,0,220,23,2,1,2,0,BB,0,1,73.33
City Hotel,USA,0,220,23,2,1,2,0,BB,0,1,73.33
City Hotel,USA,0,220,23,2,1,2,0,BB,0,1,73.33
City Hotel,USA,0,128,29,1,2,2,0,BB,2,1,97.43
City Hotel,USA,0,320,34,0,2,2,0,HB,0,1,115
City Hotel,USA,0,88,36,2,5,1,0,BB,2,1,85
City Hotel,USA,0,0,37,2,4,1,0,BB,0,1,85
City Hotel,USA,0,111,42,1,2,1,0,BB,2,1,120
City Hotel,USA,0,180,42,1,2,1,0,BB,1,1,120
City Hotel,USA,0,113,42,0,1,1,0,SC,0,1,108
City Hotel,USA,0,0,42,0,1,1,0,SC,0,1,108
City Hotel,USA,0,177,15,2,1,2,0,HB,1,1,105.33
City Hotel,USA,0,177,15,2,1,2,0,HB,1,1,105.33
City Hotel,USA,0,183,22,2,0,2,0,BB,0,1,139.5
City Hotel,USA,0,183,22,2,0,2,0,BB,1,1,139.5
City Hotel,USA,0,423,24,0,3,2,0,BB,0,1,112.67
City Hotel,USA,0,149,25,0,1,2,0,HB,1,1,154
City Hotel,USA,0,149,25,0,1,2,0,HB,0,1,154
City Hotel,USA,0,149,25,0,1,2,0,HB,0,1,154
City Hotel,USA,0,149,25,0,1,2,0,HB,0,1,154
City Hotel,USA,0,22,26,0,3,2,0,BB,0,1,112.67
City Hotel,USA,0,462,26,2,1,2,0,BB,0,1,112.67
City Hotel,USA,0,451,28,0,3,2,0,BB,0,1,112.67
City Hotel,USA,0,277,29,1,2,2,1,BB,0,1,123.3
City Hotel,USA,0,476,28,2,4,2,0,BB,2,1,101.33
City Hotel,USA,0,318,30,0,2,2,0,BB,0,1,134
City Hotel,USA,0,504,32,2,1,2,0,BB,0,1,112.67
City Hotel,USA,0,504,32,2,1,2,0,BB,0,1,112.67
City Hotel,USA,0,504,32,2,1,2,0,BB,0,1,112.67
City Hotel,USA,0,504,32,2,1,2,0,BB,0,1,112.67
City Hotel,USA,0,504,32,2,1,2,0,BB,0,1,112.67
City Hotel,USA,0,504,32,2,1,2,0,BB,0,1,112.67
City Hotel,USA,0,504,32,2,1,2,0,BB,0,1,112.67
City Hotel,USA,0,504,32,2,1,2,0,BB,0,1,112.67
City Hotel,USA,0,504,32,2,1,2,0,BB,0,1,112.67
City Hotel,USA,0,504,32,2,4,2,0,BB,1,1,101.33
City Hotel,USA,0,95,33,2,5,2,0,BB,1,1,125
City Hotel,USA,0,12,45,2,1,2,0,BB,0,0,114
City Hotel,USA,0,49,13,0,1,2,0,BB,0,0,110
City Hotel,USA,0,0,14,1,4,2,0,BB,0,0,114
City Hotel,USA,0,1,21,0,1,2,0,BB,0,0,206
City Hotel,USA,0,4,32,0,1,3,0,BB,0,0,205
City Hotel,USA,0,32,36,2,5,3,1,BB,2,0,232.59
City Hotel,USA,0,40,37,0,2,2,0,BB,0,0,158.4
City Hotel,USA,0,0,41,0,1,1,0,BB,0,0,158
City Hotel,USA,0,87,53,2,0,2,1,BB,0,0,131
City Hotel,USA,0,7,4,0,3,1,0,SC,0,0,57.05
City Hotel,USA,0,14,14,0,1,2,0,BB,0,0,138
City Hotel,USA,0,25,16,0,1,2,0,BB,0,0,148
City Hotel,USA,0,11,43,0,1,2,0,BB,0,0,136
City Hotel,USA,0,0,37,2,2,1,0,BB,0,0,114
City Hotel,USA,0,0,45,1,1,1,0,SC,0,0,73.15
City Hotel,USA,0,2,46,1,2,1,0,BB,0,0,79
City Hotel,USA,0,180,42,1,2,1,0,BB,1,0,120
City Hotel,USA,0,19,48,4,7,0,0,SC,4,0,6.4
City Hotel,USA,0,327,18,0,2,1,0,BB,2,0,93.5
City Hotel,USA,0,3,25,1,0,2,0,BB,0,0,130
City Hotel,USA,1,61,29,1,1,2,0,BB,0,0,139.5
City Hotel,USA,1,11,6,2,5,2,0,SC,0,0,79
City Hotel,USA,1,9,6,0,1,1,0,BB,0,0,79
City Hotel,USA,1,35,7,0,3,2,0,SC,0,0,67.5
City Hotel,USA,1,22,7,2,2,2,0,BB,0,0,80.8
City Hotel,USA,1,1,9,1,0,2,0,SC,0,0,85
City Hotel,USA,1,10,9,0,3,2,0,BB,0,0,93
City Hotel,USA,1,4,10,2,1,2,0,BB,0,0,118
City Hotel,USA,1,30,11,0,3,2,2,BB,0,0,77.5
City Hotel,USA,1,35,11,0,1,1,0,BB,0,0,71.1
City Hotel,USA,1,2,11,0,1,2,0,SC,0,0,89
City Hotel,USA,1,35,12,1,2,2,0,SC,0,0,71.1
City Hotel,USA,1,32,13,0,2,2,0,BB,0,0,149.4
City Hotel,USA,1,5,13,2,5,2,0,BB,0,0,146
City Hotel,USA,1,68,14,4,11,1,0,BB,0,0,76.22
City Hotel,USA,1,79,15,2,4,2,0,BB,0,0,95.2
City Hotel,USA,1,46,15,1,1,2,0,SC,0,0,107.1
City Hotel,USA,1,95,15,0,2,1,0,BB,0,0,72.8
City Hotel,USA,1,107,15,0,2,1,0,BB,0,0,81.9
City Hotel,USA,1,77,15,2,6,1,0,BB,0,0,80.75
City Hotel,USA,1,19,16,2,3,2,0,BB,0,0,131.6
City Hotel,USA,1,82,16,2,4,2,0,BB,0,0,109.37
City Hotel,USA,1,56,17,2,0,2,0,SC,0,0,90
City Hotel,USA,1,5,17,0,1,3,1,BB,0,0,197
City Hotel,USA,1,80,18,2,2,2,2,HB,1,0,173.19
City Hotel,USA,1,36,18,0,1,1,0,SC,0,0,111.6
City Hotel,USA,1,37,18,2,2,2,0,BB,0,0,126.9
City Hotel,USA,1,53,18,0,1,1,0,BB,0,0,116.1
City Hotel,USA,1,22,18,1,1,3,0,BB,0,0,172
City Hotel,USA,1,36,18,2,2,1,0,BB,0,0,140.4
City Hotel,USA,1,38,19,1,1,2,0,BB,0,0,135.9
City Hotel,USA,1,49,19,2,5,2,0,BB,0,0,119.85
City Hotel,USA,1,68,19,2,4,2,1,BB,0,0,135.15
City Hotel,USA,1,65,20,1,3,1,0,BB,0,0,132.6
City Hotel,USA,1,38,20,0,3,3,0,BB,0,0,159.3
City Hotel,USA,1,39,20,1,3,2,0,SC,0,0,116.1
City Hotel,USA,1,116,21,0,1,2,0,BB,1,0,104.5
City Hotel,USA,1,81,21,0,1,2,0,SC,0,0,116.1
City Hotel,USA,1,23,21,1,1,1,0,BB,1,0,156
City Hotel,USA,1,76,22,1,0,2,0,SC,0,0,116.1
City Hotel,USA,1,37,23,1,1,2,0,BB,0,0,131.4
City Hotel,USA,1,32,24,0,4,2,2,BB,0,0,191.7
City Hotel,USA,1,16,24,0,1,2,2,BB,0,0,221
City Hotel,USA,1,154,25,2,1,2,2,BB,2,0,189.9
City Hotel,USA,1,153,25,2,1,2,2,BB,2,0,189.9
City Hotel,USA,1,37,27,2,1,2,1,BB,0,0,115.32
City Hotel,USA,1,59,27,1,2,2,0,SC,0,0,101.1
City Hotel,USA,1,59,27,1,2,2,0,SC,0,0,101.1
City Hotel,USA,1,89,27,1,5,3,0,BB,0,0,143.7
City Hotel,USA,1,90,27,1,5,2,0,BB,0,0,114.3
City Hotel,USA,1,123,27,2,6,3,0,BB,0,0,126.86
City Hotel,USA,1,113,27,2,6,3,0,BB,0,0,138.55
City Hotel,USA,1,101,28,2,5,1,0,SC,0,0,103.5
City Hotel,USA,1,2,28,1,0,2,0,BB,1,0,116.45
City Hotel,USA,1,23,28,0,2,1,0,BB,0,0,145
City Hotel,USA,1,11,28,2,6,1,0,BB,0,0,145
City Hotel,USA,1,24,28,1,3,2,0,BB,0,0,187
City Hotel,USA,1,10,28,0,1,2,0,BB,2,0,99.52
City Hotel,USA,1,113,29,1,0,2,0,SC,0,0,103.5
City Hotel,USA,1,60,29,1,4,2,0,BB,0,0,120.6
City Hotel,USA,1,60,29,0,1,2,0,BB,0,0,105.3
City Hotel,USA,1,92,29,0,2,2,2,BB,0,0,177.3
City Hotel,USA,1,68,31,2,1,2,1,BB,0,0,121.5
City Hotel,USA,1,131,31,1,1,1,1,HB,0,0,164.25
City Hotel,USA,1,61,31,0,2,2,0,SC,0,0,94.5
City Hotel,USA,1,119,32,2,2,1,0,BB,0,0,144.45
City Hotel,USA,1,116,32,2,5,3,0,BB,0,0,145.41
City Hotel,USA,1,34,33,0,1,3,0,BB,0,0,168.3
City Hotel,USA,1,34,33,0,1,2,0,BB,0,0,149.4
City Hotel,USA,1,151,33,1,1,2,0,SC,1,0,103.5
City Hotel,USA,1,143,33,1,1,2,0,BB,0,0,114.3
City Hotel,USA,1,151,33,1,1,2,0,SC,1,0,103.5
City Hotel,USA,1,143,33,1,1,2,0,BB,0,0,114.3
City Hotel,USA,1,94,35,0,4,2,0,BB,0,0,131.4
City Hotel,USA,1,54,35,0,1,2,0,SC,1,0,125.1
City Hotel,USA,1,127,35,0,2,3,0,BB,0,0,128.7
City Hotel,USA,1,105,35,1,2,3,0,BB,0,0,150.3
City Hotel,USA,1,105,35,1,2,2,0,BB,0,0,131.4
City Hotel,USA,1,176,35,1,1,2,0,BB,0,0,96.3
City Hotel,USA,1,84,36,2,1,3,0,BB,0,0,159.3
City Hotel,USA,1,50,36,0,1,2,0,SC,0,0,99
City Hotel,USA,1,12,37,2,0,2,0,BB,0,0,154
City Hotel,USA,1,62,37,2,2,2,0,BB,1,0,96.23
City Hotel,USA,1,62,37,2,2,0,2,BB,0,0,96.23
City Hotel,USA,1,243,37,4,6,1,0,BB,0,0,89.17
City Hotel,USA,1,11,37,1,1,2,0,BB,0,0,154
City Hotel,USA,1,25,37,0,1,2,0,SC,1,0,106.2
City Hotel,USA,1,25,37,0,1,1,0,SC,1,0,106.2
City Hotel,USA,1,56,38,2,1,2,0,SC,0,0,125.1
City Hotel,USA,1,61,38,1,1,2,0,SC,0,0,125.1
City Hotel,USA,1,205,38,0,1,2,0,SC,3,0,116.1
City Hotel,USA,1,2,38,0,1,2,0,BB,0,0,169
City Hotel,USA,1,255,39,0,4,2,0,BB,4,0,122.83
City Hotel,USA,1,12,40,2,0,2,0,BB,0,0,149
City Hotel,USA,1,13,40,2,0,2,0,BB,0,0,149
City Hotel,USA,1,44,40,2,1,2,0,BB,0,0,149.4
City Hotel,USA,1,253,40,1,2,1,0,BB,1,0,2
City Hotel,USA,1,253,40,1,2,1,0,BB,1,0,2
City Hotel,USA,1,26,41,2,1,1,0,BB,0,0,147
City Hotel,USA,1,26,41,2,1,1,0,BB,0,0,147
City Hotel,USA,1,196,41,1,1,2,0,BB,0,0,122.4
City Hotel,USA,1,205,41,1,1,2,0,SC,0,0,98.1
City Hotel,USA,1,99,42,0,4,2,0,BB,0,0,187.2
City Hotel,USA,1,97,42,1,4,2,0,BB,3,0,176.8
City Hotel,USA,1,59,42,0,3,2,0,BB,0,0,128.7
City Hotel,USA,1,32,42,2,1,2,0,BB,0,0,161.33
City Hotel,USA,1,30,45,4,9,1,2,BB,0,0,186.22
City Hotel,USA,1,74,45,2,6,2,0,BB,0,0,155.5
City Hotel,USA,1,17,46,0,4,2,0,BB,0,0,178.75
City Hotel,USA,1,28,46,1,2,3,0,BB,0,0,166.67
City Hotel,USA,1,20,46,2,5,2,0,SC,0,0,77.71
City Hotel,USA,1,49,47,2,5,2,0,SC,0,0,74.8
City Hotel,USA,1,0,50,4,7,2,0,SC,0,0,71.25
City Hotel,USA,1,58,51,1,0,2,0,SC,0,0,79.2
City Hotel,USA,1,18,51,2,2,2,0,SC,0,0,74.8
City Hotel,USA,1,220,52,1,4,3,0,BB,0,0,104.55
City Hotel,USA,1,84,52,0,1,2,0,SC,0,0,79.2
City Hotel,USA,1,84,52,0,1,2,1,BB,0,0,122
City Hotel,USA,1,223,53,2,5,2,0,BB,0,0,69.09
City Hotel,USA,1,223,53,2,5,2,0,BB,0,0,69.09
City Hotel,USA,1,237,53,2,5,2,0,BB,1,0,95.56
City Hotel,USA,1,237,53,2,5,2,1,BB,0,0,80.26
City Hotel,USA,1,237,53,2,5,2,2,BB,1,0,148.26
City Hotel,USA,1,195,1,0,4,2,0,SC,0,0,74.8
City Hotel,USA,1,21,3,1,5,2,0,BB,0,0,95.16
City Hotel,USA,1,22,3,1,5,2,0,BB,0,0,99.24
City Hotel,USA,1,69,4,0,2,2,0,SC,3,0,88
City Hotel,USA,1,30,4,2,1,2,1,BB,0,0,120.33
City Hotel,USA,1,28,6,1,2,3,0,BB,0,0,160
City Hotel,USA,1,76,7,1,3,2,0,BB,0,0,88.4
City Hotel,USA,1,29,9,2,2,2,0,BB,0,0,100.3
City Hotel,USA,1,58,10,2,0,2,0,SC,0,0,79.2
City Hotel,USA,1,82,10,2,4,2,0,BB,0,0,91.8
City Hotel,USA,1,104,10,0,2,2,0,BB,0,0,97.2
City Hotel,USA,1,6,10,2,3,1,0,BB,0,0,152
City Hotel,USA,1,45,10,1,1,2,2,BB,0,0,198
City Hotel,USA,1,15,10,2,1,2,0,BB,0,0,121.33
City Hotel,USA,1,45,11,0,1,2,0,BB,0,0,97.2
City Hotel,USA,1,72,11,0,1,2,2,BB,0,0,160.2
City Hotel,USA,1,20,12,1,4,2,2,BB,0,0,200
City Hotel,USA,1,31,12,1,1,2,2,BB,0,0,198
City Hotel,USA,1,52,13,0,2,2,0,SC,0,0,88.2
City Hotel,USA,1,169,14,1,4,2,0,BB,0,0,117
City Hotel,USA,1,111,14,2,6,2,0,BB,0,0,136.13
City Hotel,USA,1,52,15,2,0,2,0,SC,0,0,108
City Hotel,USA,1,52,15,2,0,2,0,SC,0,0,108
City Hotel,USA,1,202,15,2,1,3,0,BB,0,0,166
City Hotel,USA,1,202,15,2,1,2,2,BB,0,0,229
City Hotel,USA,1,55,15,2,3,1,0,BB,0,0,117
City Hotel,USA,1,11,15,1,2,2,0,SC,0,0,138.33
City Hotel,USA,1,60,15,0,1,2,2,BB,1,0,230
City Hotel,USA,1,4,15,1,1,2,0,SC,0,0,155
City Hotel,USA,1,34,16,1,1,1,0,BB,0,0,129
City Hotel,USA,1,144,16,1,3,2,0,SC,0,0,99
City Hotel,USA,1,59,16,0,2,2,2,BB,0,0,239
City Hotel,USA,1,316,16,0,1,2,0,BB,0,0,109.8
City Hotel,USA,1,316,16,0,1,2,0,BB,0,0,93.5
City Hotel,USA,1,316,16,0,1,2,0,BB,0,0,93.5
City Hotel,USA,1,316,16,0,1,2,0,BB,0,0,109.8
City Hotel,USA,1,54,17,2,1,3,0,BB,0,0,171
City Hotel,USA,1,37,17,1,2,2,2,BB,0,0,224
City Hotel,USA,1,58,17,0,3,3,0,BB,0,0,198
City Hotel,USA,1,78,17,0,1,2,0,SC,0,0,108
City Hotel,USA,1,63,18,1,0,2,0,BB,0,0,144
City Hotel,USA,1,43,18,1,1,2,0,SC,0,0,149
City Hotel,USA,1,61,18,1,2,2,0,SC,0,0,126
City Hotel,USA,1,12,18,1,2,1,0,BB,0,0,6
City Hotel,USA,1,327,18,0,2,1,0,SC,0,0,99
City Hotel,USA,1,327,18,0,2,1,0,SC,0,0,99
City Hotel,USA,1,40,18,0,4,2,0,SC,0,0,149
City Hotel,USA,1,82,18,0,3,2,0,SC,0,0,108
City Hotel,USA,1,82,18,0,3,2,0,SC,0,0,108
City Hotel,USA,1,83,18,0,4,2,0,BB,0,0,135
City Hotel,USA,1,60,18,0,1,1,0,SC,0,0,126
City Hotel,USA,1,40,19,2,1,2,0,SC,0,0,149
City Hotel,USA,1,83,19,1,2,3,0,BB,0,0,171
City Hotel,USA,1,57,19,0,1,2,0,SC,0,0,134.1
City Hotel,USA,1,78,19,0,2,2,0,BB,0,0,153
City Hotel,USA,1,78,19,0,2,2,0,BB,0,0,153
City Hotel,USA,1,156,19,1,2,1,0,BB,0,0,130.8
City Hotel,USA,1,156,19,1,2,1,0,BB,0,0,116.67
City Hotel,USA,1,88,19,1,2,3,0,BB,0,0,183
City Hotel,USA,1,104,20,0,3,1,0,SC,0,0,117
City Hotel,USA,1,79,20,2,4,2,0,SC,0,0,135
City Hotel,USA,1,77,20,2,1,2,0,SC,0,0,144
City Hotel,USA,1,18,21,1,0,2,0,BB,0,0,195
City Hotel,USA,1,124,21,0,1,1,0,SC,0,0,108
City Hotel,USA,1,87,22,0,3,2,0,SC,0,0,130.67
City Hotel,USA,1,80,22,0,2,2,0,SC,0,0,126
City Hotel,USA,1,134,24,2,4,2,0,SC,0,0,108
City Hotel,USA,1,64,26,1,0,3,0,BB,0,0,265
City Hotel,USA,1,25,26,0,2,2,0,BB,0,0,140
City Hotel,USA,1,14,26,0,1,2,0,BB,0,0,118.2
City Hotel,USA,1,185,26,0,3,2,2,BB,2,0,192.7
City Hotel,USA,1,125,26,0,3,1,0,BB,2,0,95.7
City Hotel,USA,1,125,26,0,3,2,0,BB,0,0,118.2
City Hotel,USA,1,96,26,2,3,1,0,SC,0,0,120
City Hotel,USA,1,39,27,2,0,2,0,BB,0,0,139
City Hotel,USA,1,112,27,1,2,2,2,BB,0,0,230
City Hotel,USA,1,155,27,1,3,3,0,BB,0,0,152.1
City Hotel,USA,1,195,27,0,4,3,0,BB,2,0,147.9
City Hotel,USA,1,225,27,1,4,1,0,BB,0,0,99.9
City Hotel,USA,1,223,27,1,4,2,0,SC,0,0,89.1
City Hotel,USA,1,140,27,2,1,3,0,HB,0,0,177.3
City Hotel,USA,1,134,27,2,2,2,0,SC,0,0,80.19
City Hotel,USA,1,134,27,2,2,2,0,SC,0,0,80.19
City Hotel,USA,1,134,27,2,2,2,0,BB,0,0,128.79
City Hotel,USA,1,146,27,2,3,2,0,BB,0,0,116.1
City Hotel,USA,1,153,28,1,0,2,0,SC,0,0,89.1
City Hotel,USA,1,138,29,2,0,2,0,SC,0,0,108
City Hotel,USA,1,155,29,1,1,2,0,BB,0,0,152.1
City Hotel,USA,1,155,29,1,1,3,0,SC,0,0,89.1
City Hotel,USA,1,7,29,1,1,3,0,BB,0,0,210
City Hotel,USA,1,176,29,0,1,1,0,BB,0,0,98.1
City Hotel,USA,1,173,29,0,3,2,0,SC,0,0,89.1
City Hotel,USA,1,150,29,1,1,3,0,BB,0,0,175.5
City Hotel,USA,1,150,29,2,1,3,0,BB,0,0,175.5
City Hotel,USA,1,150,29,2,1,2,0,BB,0,0,166.5
City Hotel,USA,1,150,29,2,1,3,0,BB,0,0,175.5
City Hotel,USA,1,53,29,2,1,3,0,BB,0,0,219.33
City Hotel,USA,1,56,30,1,4,2,0,SC,0,0,127.6
City Hotel,USA,1,56,30,1,4,2,0,SC,0,0,127.6
City Hotel,USA,1,106,30,0,1,2,0,SC,0,0,125
City Hotel,USA,1,4,30,0,2,2,0,SC,0,0,160
City Hotel,USA,1,45,31,2,1,1,0,SC,0,0,129
City Hotel,USA,1,41,31,0,1,1,0,SC,0,0,126
City Hotel,USA,1,191,31,1,1,2,0,BB,5,0,139.5
City Hotel,USA,1,170,31,1,1,2,0,BB,3,0,139.5
City Hotel,USA,1,191,31,1,1,2,0,BB,3,0,139.5
City Hotel,USA,1,138,31,1,1,1,0,BB,2,0,147.25
City Hotel,USA,1,191,31,1,1,2,0,BB,3,0,139.5
City Hotel,USA,1,140,31,2,1,2,1,BB,2,0,154
City Hotel,USA,1,185,32,2,2,2,2,BB,0,0,235
City Hotel,USA,1,172,32,4,10,2,0,SC,0,0,113.32
City Hotel,USA,1,172,32,4,10,3,0,BB,0,0,173.83
City Hotel,USA,1,197,32,2,1,2,0,BB,0,0,112.5
City Hotel,USA,1,197,32,2,1,2,0,BB,0,0,112.5
City Hotel,USA,1,182,33,0,1,2,2,BB,0,0,235
City Hotel,USA,1,195,33,0,3,2,2,BB,0,0,235
City Hotel,USA,1,207,33,0,3,3,0,BB,1,0,167.7
City Hotel,USA,1,214,33,2,2,2,0,BB,2,0,130.78
City Hotel,USA,1,214,33,2,3,3,0,BB,2,0,155.52
City Hotel,USA,1,45,33,0,1,2,0,SC,0,0,140
City Hotel,USA,1,195,33,2,1,2,0,SC,1,0,95.7
City Hotel,USA,1,195,33,2,1,3,0,BB,1,0,158.7
City Hotel,USA,1,12,34,1,2,2,0,BB,0,0,144
City Hotel,USA,1,93,34,1,3,3,0,BB,2,0,192
City Hotel,USA,1,79,34,2,3,3,0,BB,0,0,240
City Hotel,USA,1,162,34,2,3,2,2,BB,0,0,235
City Hotel,USA,1,66,35,1,0,1,0,SC,0,0,130
City Hotel,USA,1,168,35,2,1,3,0,BB,0,0,175.5
City Hotel,USA,1,33,35,2,1,3,0,BB,0,0,223
City Hotel,USA,0,0,32,0,1,2,0,SC,0,0,81
City Hotel,USA,0,17,37,0,2,2,0,SC,0,0,73.92
City Hotel,USA,0,42,38,2,4,1,0,BB,0,0,104.5
City Hotel,USA,0,41,38,2,3,2,0,BB,0,0,74.4
City Hotel,USA,0,6,51,0,2,1,0,BB,0,0,74.69
City Hotel,USA,0,0,1,0,1,2,0,BB,0,0,74.67
City Hotel,USA,0,2,2,2,0,2,0,BB,0,0,67.66
City Hotel,USA,0,23,3,1,0,1,0,SC,0,0,61
City Hotel,USA,0,23,3,1,0,2,0,SC,0,0,62
City Hotel,USA,0,53,6,2,3,2,0,BB,0,0,65.75
City Hotel,USA,0,78,13,1,5,2,2,BB,0,0,154.7
City Hotel,USA,0,206,27,1,3,2,0,BB,0,0,101.83
City Hotel,USA,0,17,36,2,1,1,0,BB,0,0,69.49
City Hotel,USA,0,3,38,1,1,2,0,BB,0,0,120
City Hotel,USA,0,1,39,1,0,1,0,SC,0,0,69
City Hotel,USA,0,3,38,2,1,2,0,BB,1,0,120
City Hotel,USA,0,7,39,1,1,1,0,BB,0,0,109
City Hotel,USA,0,7,39,1,1,1,0,BB,0,0,109
City Hotel,USA,0,7,39,1,1,1,0,BB,0,0,109
City Hotel,USA,0,6,39,0,1,1,0,SC,0,0,69
City Hotel,USA,0,0,39,0,1,1,0,BB,0,0,180
City Hotel,USA,0,9,41,2,0,1,0,BB,0,0,109
City Hotel,USA,0,1,41,0,1,2,0,BB,1,0,146
City Hotel,USA,0,5,41,2,1,1,0,BB,0,0,96
City Hotel,USA,0,23,41,0,1,2,0,BB,0,0,96.3
City Hotel,USA,0,1,42,0,1,2,0,BB,0,0,12
City Hotel,USA,0,10,42,0,1,1,0,BB,0,0,146
City Hotel,USA,0,0,43,1,0,1,0,SC,1,0,87.78
City Hotel,USA,0,7,43,0,1,2,0,BB,0,0,114
City Hotel,USA,0,8,43,1,5,2,0,BB,0,0,85
City Hotel,USA,0,0,43,2,2,1,0,BB,0,0,96
City Hotel,USA,0,0,45,1,0,2,1,BB,2,0,90.4
City Hotel,USA,0,0,45,0,2,2,0,BB,1,0,95
City Hotel,USA,0,21,45,0,2,2,0,BB,0,0,76
City Hotel,USA,0,21,45,0,2,2,0,BB,0,0,76
City Hotel,USA,0,0,47,0,1,1,0,BB,3,0,99
City Hotel,USA,0,70,48,0,3,1,0,BB,0,0,46.33
City Hotel,USA,0,57,52,2,5,2,0,BB,0,0,72.47
City Hotel,USA,0,27,2,0,1,1,0,SC,1,0,64.8
City Hotel,USA,0,80,2,0,1,2,0,BB,0,0,87.32
City Hotel,USA,0,0,3,1,0,2,0,SC,0,0,54.02
City Hotel,USA,0,9,6,0,1,2,0,SC,0,0,90
City Hotel,USA,0,0,7,0,1,2,0,SC,0,0,79
City Hotel,USA,0,0,7,0,1,2,0,BB,0,0,91
City Hotel,USA,0,15,7,1,2,2,0,BB,0,0,40.67
City Hotel,USA,0,3,7,1,1,2,0,SC,0,0,60.83
City Hotel,USA,0,87,8,1,1,1,0,BB,2,0,62.1
City Hotel,USA,0,1,8,0,1,2,1,BB,1,0,173
City Hotel,USA,0,0,9,0,1,1,0,BB,1,0,89
City Hotel,USA,0,78,11,1,2,2,0,BB,0,0,65.58
City Hotel,USA,0,56,11,0,2,2,0,BB,0,0,78.3
City Hotel,USA,0,52,12,2,2,2,0,SC,0,0,51
City Hotel,USA,0,145,12,2,1,2,0,SC,0,0,60.98
City Hotel,USA,0,23,13,0,1,2,1,BB,0,0,285
City Hotel,USA,0,0,13,1,1,1,0,BB,0,0,89
City Hotel,USA,0,0,13,1,1,2,0,SC,0,0,134
City Hotel,USA,0,0,14,0,2,2,0,SC,0,0,75.42
City Hotel,USA,0,0,15,1,0,1,0,SC,0,0,89
City Hotel,USA,0,1,15,1,0,2,0,BB,0,0,99
City Hotel,USA,0,3,15,0,2,3,0,BB,0,0,185.57
City Hotel,USA,0,40,17,1,0,2,0,BB,0,0,109.8
City Hotel,USA,0,1,17,1,0,2,0,BB,0,0,111
City Hotel,USA,0,0,17,0,1,2,0,BB,0,0,109
City Hotel,USA,0,37,17,1,1,2,0,SC,1,0,94.5
City Hotel,USA,0,1,17,1,1,2,0,SC,0,0,104
City Hotel,USA,0,31,17,2,1,2,0,BB,0,0,87.04
City Hotel,USA,0,108,18,0,1,1,0,BB,1,0,67.15
City Hotel,USA,0,127,18,1,3,2,0,BB,0,0,90
City Hotel,USA,0,95,19,1,2,2,0,BB,0,0,80.75
City Hotel,USA,0,1,20,1,0,2,0,SC,0,0,56.47
City Hotel,USA,0,1,20,1,0,2,0,SC,0,0,56.47
City Hotel,USA,0,0,20,0,1,3,0,BB,0,0,153.15
City Hotel,USA,0,0,20,1,1,3,0,BB,0,0,158
City Hotel,USA,0,0,21,1,0,2,0,SC,0,0,62.73
City Hotel,USA,0,5,21,1,3,1,0,BB,0,0,98.32
City Hotel,USA,0,9,21,2,2,2,0,BB,0,0,257
City Hotel,USA,0,134,23,1,1,2,0,SC,0,0,94.5
City Hotel,USA,0,5,23,0,1,2,0,SC,0,0,119
City Hotel,USA,0,14,23,0,1,1,0,BB,0,0,120.7
City Hotel,USA,0,102,23,0,1,2,0,BB,0,0,140.4
City Hotel,USA,0,0,24,0,1,2,0,SC,0,0,109
City Hotel,USA,0,18,24,0,1,2,0,BB,0,0,92.65
City Hotel,USA,0,18,24,0,1,2,0,BB,0,0,92.65
City Hotel,USA,0,13,25,0,1,2,0,SC,0,0,89
City Hotel,USA,0,102,25,2,3,3,0,BB,2,0,150.15
City Hotel,USA,0,1,25,0,1,1,0,HB,0,0,89.25
City Hotel,USA,0,146,26,1,3,2,0,BB,0,0,91.98
City Hotel,USA,0,20,27,0,4,2,0,BB,0,0,124.2
City Hotel,USA,0,0,28,1,0,1,0,SC,0,0,92.86
City Hotel,USA,0,56,29,1,0,2,0,BB,0,0,88.01
City Hotel,USA,0,94,29,0,2,3,0,BB,0,0,137.7
City Hotel,USA,0,73,29,0,3,2,0,BB,0,0,85
City Hotel,USA,0,57,30,1,0,2,0,SC,0,0,84.6
City Hotel,USA,0,81,29,2,1,2,0,BB,3,0,96
City Hotel,USA,0,0,30,0,1,2,0,SC,0,0,99
City Hotel,USA,0,11,30,1,2,1,0,BB,0,0,174.33
City Hotel,USA,0,0,30,0,1,2,0,SC,0,0,82.66
City Hotel,USA,0,0,31,0,1,1,0,BB,0,0,108.11
City Hotel,USA,0,0,31,0,1,2,0,SC,0,0,61.68
City Hotel,USA,0,4,32,0,1,1,1,SC,0,0,93.56
City Hotel,USA,0,4,32,0,1,2,1,SC,0,0,97.41
City Hotel,USA,0,4,32,0,1,2,0,SC,0,0,92.93
City Hotel,USA,0,236,32,0,5,2,0,BB,0,0,89
City Hotel,USA,0,11,33,2,2,2,0,SC,0,0,139
City Hotel,USA,0,0,34,0,1,1,0,BB,1,0,138
City Hotel,USA,0,0,34,0,1,1,0,BB,0,0,109
City Hotel,USA,0,0,34,2,2,2,0,SC,0,0,78.42
City Hotel,USA,0,0,35,0,1,2,0,SC,0,0,139
City Hotel,USA,0,1,35,0,1,1,0,SC,1,0,81.19
City Hotel,USA,0,0,36,0,2,2,0,SC,0,0,77.71
City Hotel,USA,0,26,36,2,3,3,0,BB,0,0,165.83
City Hotel,USA,0,0,36,0,1,2,0,SC,0,0,99.63
City Hotel,USA,0,28,36,0,1,2,0,SC,0,0,110
City Hotel,USA,0,0,36,0,1,2,0,SC,0,0,94.1
City Hotel,USA,0,50,36,2,4,2,0,SC,2,0,124.58
City Hotel,USA,0,40,37,0,1,2,0,BB,1,0,149.4
City Hotel,USA,0,1,36,2,5,1,0,BB,0,0,110
City Hotel,USA,0,0,38,1,0,1,0,SC,1,0,85.03
City Hotel,USA,0,3,38,1,2,2,0,BB,0,0,95
City Hotel,USA,0,121,37,2,4,2,1,SC,0,0,89.76
City Hotel,USA,0,0,38,0,1,2,0,SC,0,0,106.28
City Hotel,USA,0,56,39,0,1,2,0,BB,0,0,85.5
City Hotel,USA,0,20,39,1,3,1,0,BB,0,0,119
City Hotel,USA,0,57,39,0,2,2,0,BB,0,0,101.52
City Hotel,USA,0,1,39,0,1,2,0,SC,0,0,129.56
City Hotel,USA,0,123,39,0,2,2,0,BB,1,0,162
City Hotel,USA,0,154,40,1,0,2,0,BB,0,0,127.8
City Hotel,USA,0,0,40,1,0,2,0,BB,0,0,130
City Hotel,USA,0,0,40,0,1,2,0,SC,0,0,100.37
City Hotel,USA,0,0,40,0,1,2,0,SC,0,0,106.65
City Hotel,USA,0,64,40,0,3,2,0,BB,0,0,101.52
City Hotel,USA,0,64,40,0,3,2,0,BB,0,0,101.52
City Hotel,USA,0,1,40,1,2,1,0,BB,1,0,215
City Hotel,USA,0,9,40,2,1,2,3,BB,0,0,278.33
City Hotel,USA,0,12,41,2,1,1,0,BB,0,0,6
City Hotel,USA,0,21,41,2,1,2,0,BB,2,0,61.33
City Hotel,USA,0,20,41,2,1,2,0,BB,0,0,164
City Hotel,USA,0,164,41,0,1,2,0,BB,0,0,117
City Hotel,USA,0,0,41,0,1,2,0,SC,0,0,180
City Hotel,USA,0,59,42,1,0,2,0,BB,0,0,151.2
City Hotel,USA,0,0,41,1,1,2,0,SC,0,0,87.2
City Hotel,USA,0,0,42,1,0,1,0,SC,1,0,82.66
City Hotel,USA,0,13,42,1,2,2,0,BB,0,0,159
City Hotel,USA,0,0,42,0,1,1,0,SC,1,0,136
City Hotel,USA,0,99,42,0,4,1,0,BB,3,0,152.78
City Hotel,USA,0,99,42,0,4,2,0,BB,2,0,152.78
City Hotel,USA,0,100,42,0,3,2,0,BB,4,0,152.46
City Hotel,USA,0,0,42,1,3,2,0,BB,0,0,12
City Hotel,USA,0,0,42,1,1,1,0,SC,1,0,66.13
City Hotel,USA,0,114,42,1,4,0,0,BB,1,0,0
City Hotel,USA,0,57,42,2,4,1,0,BB,0,0,128.7
City Hotel,USA,0,57,42,2,4,1,0,BB,0,0,128.7
City Hotel,USA,0,0,43,0,1,2,0,SC,0,0,120
City Hotel,USA,0,0,43,0,1,1,0,SC,1,0,75.28
City Hotel,USA,0,95,45,2,4,2,0,BB,0,0,68
City Hotel,USA,0,28,46,1,5,1,0,BB,0,0,147.15
City Hotel,USA,0,53,46,1,2,2,0,BB,0,0,79.2
City Hotel,USA,0,16,48,0,1,2,1,SC,0,0,70.41
City Hotel,USA,0,29,48,0,3,3,0,BB,0,0,124.5
City Hotel,USA,0,30,48,1,2,2,0,BB,0,0,94.5
City Hotel,USA,0,143,48,1,3,2,2,BB,0,0,122.1
City Hotel,USA,0,0,48,2,3,2,0,BB,1,0,169.75
City Hotel,USA,0,68,50,2,1,2,0,BB,0,0,79.2
City Hotel,USA,0,34,51,1,1,1,0,SC,0,0,56.16
City Hotel,USA,0,101,51,2,3,2,0,BB,0,0,200
City Hotel,USA,0,89,52,2,3,2,2,BB,0,0,94.72
City Hotel,USA,0,87,53,2,0,2,0,SC,0,0,79.2
City Hotel,USA,0,11,53,0,1,2,2,BB,1,0,209
City Hotel,USA,0,36,53,0,1,2,2,BB,0,0,206
City Hotel,USA,0,1,53,1,1,1,0,BB,1,0,172.8
City Hotel,USA,0,0,1,0,2,2,0,BB,0,0,108
City Hotel,USA,0,50,1,0,1,2,0,BB,0,0,79.2
City Hotel,USA,0,42,53,2,5,2,0,BB,0,0,146.29
City Hotel,USA,0,0,1,1,2,1,0,BB,1,0,109.33
City Hotel,USA,0,0,2,1,2,1,0,SC,0,0,53.52
City Hotel,USA,0,10,2,1,2,2,0,BB,0,0,85.29
City Hotel,USA,0,0,5,0,1,1,0,BB,0,0,93
City Hotel,USA,0,22,7,1,0,2,0,SC,0,0,88
City Hotel,USA,0,2,7,0,2,2,0,SC,0,0,99
City Hotel,USA,0,10,7,3,5,2,0,BB,1,0,222
City Hotel,USA,0,2,7,2,3,1,0,SC,0,0,78.54
City Hotel,USA,0,2,7,2,2,2,0,SC,0,0,59.4
City Hotel,USA,0,18,8,0,1,3,0,BB,0,0,158
City Hotel,USA,0,0,8,0,1,1,0,SC,1,0,58.31
City Hotel,USA,0,1,8,0,2,2,0,SC,0,0,83
City Hotel,USA,0,1,8,0,1,2,0,SC,0,0,51.66
City Hotel,USA,0,0,8,0,1,2,0,SC,0,0,64.95
City Hotel,USA,0,11,3,13,30,0,0,SC,14,0,0
City Hotel,USA,0,3,9,1,0,1,0,SC,0,0,62.4
City Hotel,USA,0,0,9,2,0,2,0,SC,0,0,58.31
City Hotel,USA,0,48,9,0,1,2,0,BB,0,0,77
City Hotel,USA,0,0,9,0,1,1,0,SC,0,0,88
City Hotel,USA,0,27,9,1,2,2,0,BB,0,0,108
City Hotel,USA,0,11,10,2,0,2,0,BB,0,0,95.4
City Hotel,USA,0,22,9,2,2,2,2,BB,0,0,223
City Hotel,USA,0,226,10,0,2,2,0,BB,0,0,72
City Hotel,USA,0,103,10,2,2,2,0,BB,0,0,72.94
City Hotel,USA,0,103,10,2,2,1,0,BB,0,0,64.14
City Hotel,USA,0,0,10,0,1,1,0,SC,1,0,64.95
City Hotel,USA,0,23,10,0,1,1,0,SC,0,0,88
City Hotel,USA,0,22,10,0,1,1,0,BB,0,0,85
City Hotel,USA,0,2,10,0,1,2,0,SC,0,0,78.4
City Hotel,USA,0,0,10,0,5,1,0,BB,0,0,90
City Hotel,USA,0,7,10,1,5,2,0,BB,1,0,137.13
City Hotel,USA,0,57,10,0,1,2,0,BB,0,0,108
City Hotel,USA,0,15,11,0,1,1,0,BB,0,0,90.4
City Hotel,USA,0,30,11,0,2,1,0,BB,0,0,153
City Hotel,USA,0,38,11,0,1,1,1,SC,0,0,98
City Hotel,USA,0,0,11,0,1,1,0,BB,0,0,103
City Hotel,USA,0,1,11,0,2,2,0,SC,0,0,76.44
City Hotel,USA,0,51,10,2,6,2,0,SC,0,0,57.6
City Hotel,USA,0,6,11,0,1,2,0,SC,0,0,98
City Hotel,USA,0,25,12,2,0,2,0,BB,0,0,143
City Hotel,USA,0,51,12,2,0,2,0,SC,0,0,79.2
City Hotel,USA,0,25,12,2,2,2,0,HB,0,0,106.08
City Hotel,USA,0,1,12,0,1,2,0,SC,0,0,65.6
City Hotel,USA,0,14,13,0,1,2,0,BB,0,0,128
City Hotel,USA,0,9,14,1,0,2,0,SC,0,0,100.2
City Hotel,USA,0,74,14,1,3,2,0,BB,0,0,97.02
City Hotel,USA,0,74,14,1,3,2,0,BB,0,0,97.02
City Hotel,USA,0,30,14,2,1,2,0,BB,0,0,180
City Hotel,USA,0,102,15,2,1,2,0,BB,0,0,117
City Hotel,USA,0,34,15,0,1,3,0,BB,0,0,185
City Hotel,USA,0,83,16,1,2,1,0,SC,0,0,72.42
City Hotel,USA,0,28,16,0,1,1,0,BB,1,0,93.5
City Hotel,USA,0,28,16,0,1,1,0,BB,1,0,93.5
City Hotel,USA,0,74,17,1,1,3,0,BB,0,0,171
City Hotel,USA,0,73,17,2,1,2,0,BB,1,0,108
City Hotel,USA,0,73,17,2,1,2,0,BB,1,0,108
City Hotel,USA,0,79,17,0,3,3,0,BB,0,0,171
City Hotel,USA,0,153,17,0,2,2,0,BB,0,0,96.25
City Hotel,USA,0,128,18,1,0,2,0,BB,0,0,200
City Hotel,USA,0,134,18,1,0,2,0,BB,0,0,144
City Hotel,USA,0,325,18,1,0,1,0,BB,0,0,93.5
City Hotel,USA,0,47,18,0,1,2,0,SC,0,0,80.1
City Hotel,USA,0,104,18,2,1,1,0,BB,1,0,105
City Hotel,USA,0,104,18,2,1,2,0,BB,0,0,123
City Hotel,USA,0,72,18,1,2,1,0,SC,0,0,79.2
City Hotel,USA,0,160,18,0,4,2,0,BB,0,0,118.13
City Hotel,USA,0,1,19,0,1,2,0,BB,0,0,130
City Hotel,USA,0,112,19,0,1,2,0,BB,0,0,126
City Hotel,USA,0,90,20,2,0,2,0,BB,0,0,117
City Hotel,USA,0,23,19,2,1,2,0,BB,0,0,138
City Hotel,USA,0,90,20,2,0,2,0,BB,0,0,117
City Hotel,USA,0,13,20,1,0,1,0,SC,0,0,120
City Hotel,USA,0,0,20,1,0,1,0,SC,1,0,88.56
City Hotel,USA,0,103,20,0,2,3,0,BB,0,0,189
City Hotel,USA,0,91,20,0,2,2,0,SC,0,0,86.63
City Hotel,USA,0,91,20,0,2,2,0,SC,0,0,86.63
City Hotel,USA,0,11,21,2,1,2,0,BB,0,0,120
City Hotel,USA,0,11,21,2,1,2,0,BB,0,0,120
City Hotel,USA,0,57,21,0,1,2,0,BB,0,0,89.1
City Hotel,USA,0,28,21,0,2,2,0,SC,0,0,160
City Hotel,USA,0,112,21,0,1,2,0,SC,0,0,126
City Hotel,USA,0,112,21,0,1,2,0,SC,0,0,126
City Hotel,USA,0,112,21,0,1,2,0,SC,0,0,126
City Hotel,USA,0,1,21,0,1,2,0,SC,0,0,106.28
City Hotel,USA,0,0,22,1,0,3,0,SC,1,0,77.49
City Hotel,USA,0,14,22,0,1,1,0,SC,0,0,88
City Hotel,USA,0,0,22,0,1,2,0,BB,0,0,180
City Hotel,USA,0,0,22,0,1,2,0,SC,0,0,92.98
City Hotel,USA,0,108,22,0,1,2,0,SC,0,0,108
City Hotel,USA,0,108,22,0,1,2,0,SC,0,0,108
City Hotel,USA,0,17,22,0,1,3,0,BB,0,0,190
City Hotel,USA,0,0,22,0,1,1,0,BB,0,0,130
City Hotel,USA,0,0,22,0,1,2,0,SC,0,0,106.28
City Hotel,USA,0,25,22,0,1,2,0,SC,0,0,140
City Hotel,USA,0,125,22,1,2,3,0,HB,0,0,216
City Hotel,USA,0,29,23,0,2,3,0,BB,0,0,229.6
City Hotel,USA,0,76,24,1,0,2,0,BB,1,0,146
City Hotel,USA,0,231,24,0,1,2,2,BB,0,0,175
City Hotel,USA,0,77,24,1,3,2,0,BB,0,0,98.1
City Hotel,USA,0,79,24,0,1,2,0,SC,0,0,100.8
City Hotel,USA,0,3,24,0,2,1,0,SC,1,0,106.28
City Hotel,USA,0,147,24,1,2,2,0,SC,0,0,79.2
City Hotel,USA,0,147,24,1,2,2,0,SC,0,0,79.2
City Hotel,USA,0,53,24,1,2,2,0,SC,0,0,140
City Hotel,USA,0,0,25,1,0,2,0,BB,0,0,12
City Hotel,USA,0,148,25,0,1,2,0,SC,0,0,76.23
City Hotel,USA,0,34,25,1,4,1,0,SC,0,0,136
City Hotel,USA,0,56,25,0,3,2,0,SC,0,0,133.33
City Hotel,USA,0,121,25,0,1,2,1,BB,0,0,135
City Hotel,USA,0,37,25,1,1,1,0,SC,0,0,160
City Hotel,USA,0,173,25,1,3,2,0,BB,4,0,140
City Hotel,USA,0,72,26,1,0,2,0,BB,0,0,175
City Hotel,USA,0,22,26,0,1,2,0,SC,0,0,89
City Hotel,USA,0,119,26,0,1,2,0,SC,0,0,108
City Hotel,USA,0,1,26,0,3,2,0,SC,0,0,90.33
City Hotel,USA,0,124,26,0,4,2,0,BB,0,0,96.53
City Hotel,USA,0,124,26,0,4,2,0,BB,0,0,96.53
City Hotel,USA,0,126,27,1,0,2,1,BB,0,0,133.6
City Hotel,USA,0,0,27,1,0,2,1,BB,1,0,118
City Hotel,USA,0,1,27,0,3,2,0,SC,0,0,89.67
City Hotel,USA,0,157,27,1,1,2,0,BB,0,0,86.63
City Hotel,USA,0,0,28,0,1,2,0,SC,0,0,92.98
City Hotel,USA,0,23,28,0,1,3,0,BB,0,0,220
City Hotel,USA,0,50,27,2,3,2,0,BB,0,0,116.1
City Hotel,USA,0,170,28,0,1,2,0,BB,0,0,116.1
City Hotel,USA,0,222,28,2,4,2,0,BB,0,0,107.1
City Hotel,USA,0,147,29,2,1,2,2,BB,0,0,209
City Hotel,USA,0,158,29,0,1,2,0,SC,0,0,68.61
City Hotel,USA,0,241,29,0,1,2,0,SC,0,0,68.61
City Hotel,USA,0,13,29,0,1,1,0,SC,0,0,98
City Hotel,USA,0,129,29,1,1,2,0,BB,0,0,139.5
City Hotel,USA,0,129,29,1,1,2,0,BB,0,0,166.5
City Hotel,USA,0,67,30,1,1,2,0,BB,1,0,122.6
City Hotel,USA,0,67,30,1,1,1,1,BB,1,0,122.6
City Hotel,USA,0,287,30,1,4,2,2,BB,0,0,179.1
City Hotel,USA,0,38,31,2,0,3,0,BB,0,0,210
City Hotel,USA,0,0,31,1,0,2,0,SC,0,0,69.7
City Hotel,USA,0,26,31,0,1,2,0,SC,0,0,128
City Hotel,USA,0,26,31,0,1,2,0,SC,0,0,128
City Hotel,USA,0,0,31,0,1,2,0,SC,0,0,69.01
City Hotel,USA,0,25,31,0,1,2,0,BB,0,0,89
City Hotel,USA,0,57,32,1,0,2,1,BB,1,0,165
City Hotel,USA,0,122,31,2,1,2,0,BB,0,0,80.1
City Hotel,USA,0,0,32,1,0,2,0,BB,0,0,160
City Hotel,USA,0,120,31,2,3,2,0,BB,0,0,80.1
City Hotel,USA,0,0,32,1,0,2,0,BB,0,0,160
City Hotel,USA,0,1,32,0,3,2,0,SC,0,0,92.21
City Hotel,USA,0,1,32,0,1,2,0,SC,0,0,190
City Hotel,USA,0,1,32,0,1,2,2,BB,0,0,290
City Hotel,USA,0,134,33,0,2,1,0,SC,0,0,71.1
City Hotel,USA,0,10,33,0,1,2,1,BB,0,0,260
City Hotel,USA,0,112,34,2,0,2,0,BB,1,0,235
City Hotel,USA,0,152,33,2,2,2,0,BB,0,0,139.5
City Hotel,USA,0,204,34,1,3,2,0,SC,0,0,99
City Hotel,USA,0,98,35,1,0,2,0,SC,0,0,72.16
City Hotel,USA,0,62,35,1,0,1,0,BB,0,0,95
City Hotel,USA,0,88,34,1,1,2,0,BB,0,0,144
City Hotel,USA,0,83,35,1,3,1,0,BB,4,0,147.68
City Hotel,USA,0,221,33,0,1,1,0,HB,0,0,73
City Hotel,USA,0,226,30,0,2,1,0,BB,0,0,64.25
City Hotel,USA,0,226,30,0,2,1,0,BB,0,0,64.25
City Hotel,USA,0,226,30,0,2,1,0,BB,0,0,64.25
City Hotel,USA,0,226,30,0,2,1,0,BB,0,0,64.25
City Hotel,USA,0,226,30,0,2,1,0,BB,0,0,64.25
City Hotel,USA,0,226,30,0,2,1,0,BB,0,0,64.25
City Hotel,USA,1,110,23,0,1,2,1,BB,0,0,143.1
City Hotel,USA,1,159,25,2,2,2,0,BB,0,0,103.21
City Hotel,USA,1,120,25,1,0,2,0,BB,0,0,140.4
City Hotel,USA,1,126,29,1,2,2,0,SC,0,0,73.12
City Hotel,USA,1,128,29,1,2,3,0,BB,0,0,140.7
City Hotel,USA,0,39,33,0,2,1,0,HB,1,0,87
City Hotel,USA,0,1,2,0,1,2,0,BB,0,0,89
City Hotel,USA,0,71,12,0,2,2,0,BB,1,0,69.05
City Hotel,USA,0,75,13,1,1,2,0,BB,1,0,78.15
City Hotel,USA,0,75,13,1,1,2,0,BB,0,0,78
City Hotel,USA,0,169,22,0,4,2,0,BB,0,0,123.25
City Hotel,USA,0,169,22,0,4,2,0,BB,0,0,123.25
City Hotel,USA,0,241,43,1,2,2,0,BB,0,0,60
City Hotel,USA,0,241,43,1,2,2,0,BB,0,0,60
City Hotel,USA,0,241,43,1,2,2,0,BB,0,0,60
City Hotel,USA,0,241,43,1,2,2,0,BB,0,0,60
City Hotel,USA,0,241,43,1,2,2,0,BB,0,0,60
City Hotel,USA,0,241,43,1,2,2,0,BB,0,0,60
City Hotel,USA,0,241,43,1,2,2,0,BB,0,0,60
City Hotel,USA,0,241,43,1,2,2,0,BB,0,0,60
City Hotel,USA,0,241,43,1,2,2,0,BB,0,0,60
City Hotel,USA,0,241,43,1,2,1,0,BB,1,0,50
City Hotel,USA,0,241,43,1,2,1,0,BB,1,0,50
City Hotel,USA,0,241,43,1,2,1,0,BB,1,0,50
City Hotel,USA,0,241,43,1,2,1,0,BB,1,0,50
City Hotel,USA,0,241,43,1,2,1,0,BB,1,0,50
City Hotel,USA,0,241,43,1,2,1,0,BB,1,0,50
City Hotel,USA,0,241,43,1,2,1,0,BB,1,0,50
City Hotel,USA,0,3,38,1,1,1,0,BB,0,0,120
City Hotel,USA,0,3,38,1,1,1,0,BB,0,0,120
City Hotel,USA,0,17,39,0,1,1,0,BB,1,0,170
City Hotel,USA,0,17,39,2,1,1,0,BB,1,0,170
City Hotel,USA,0,17,39,2,1,1,0,BB,2,0,170
City Hotel,USA,0,17,39,2,2,1,0,BB,1,0,170
City Hotel,USA,0,16,39,2,3,1,0,BB,0,0,170
City Hotel,USA,0,17,39,2,2,1,0,BB,1,0,170
City Hotel,USA,0,19,40,1,1,1,0,BB,2,0,170
City Hotel,USA,0,16,39,2,3,1,0,BB,0,0,170
City Hotel,USA,0,7,40,1,1,1,0,BB,0,0,170
City Hotel,USA,0,16,39,2,3,1,0,BB,0,0,170
City Hotel,USA,0,36,4,0,2,1,0,BB,2,0,71
City Hotel,USA,0,15,6,1,2,1,0,BB,2,0,100
City Hotel,USA,0,5,12,2,1,2,0,BB,0,0,93.33
City Hotel,USA,0,5,12,2,1,2,0,BB,0,0,93.33
City Hotel,USA,0,5,12,2,1,2,0,BB,0,0,93.33
City Hotel,USA,0,5,12,2,1,1,0,BB,1,0,79.17
City Hotel,USA,0,5,12,2,1,1,0,BB,1,0,79.17
City Hotel,USA,0,64,12,2,2,1,0,BB,0,0,93.5
City Hotel,USA,0,5,12,2,1,2,0,BB,0,0,93.33
City Hotel,USA,0,5,12,2,1,1,0,BB,1,0,79.17
City Hotel,USA,0,5,12,2,1,2,0,BB,0,0,93.33
City Hotel,USA,0,5,12,2,1,2,0,BB,0,0,93.33
City Hotel,USA,0,5,12,2,1,2,0,BB,1,0,93.33
City Hotel,USA,0,5,12,2,1,2,0,BB,0,0,93.33
City Hotel,USA,0,5,12,2,1,2,0,BB,0,0,93.33
City Hotel,USA,0,5,12,2,1,2,0,BB,0,0,93.33
City Hotel,USA,0,5,12,2,1,1,0,BB,1,0,0
City Hotel,USA,0,5,12,2,1,1,0,BB,1,0,79.17
City Hotel,USA,0,5,12,2,1,1,0,BB,1,0,79.17
City Hotel,USA,0,55,16,0,1,2,0,SC,1,0,94.5
City Hotel,USA,0,55,16,0,1,2,0,SC,1,0,94.5
City Hotel,USA,0,127,18,1,3,2,0,BB,0,0,90
City Hotel,USA,0,127,18,1,3,1,0,BB,0,0,80
City Hotel,USA,0,127,18,1,3,2,0,BB,0,0,90
City Hotel,USA,0,127,18,1,3,2,0,BB,0,0,90
City Hotel,USA,0,127,18,1,3,2,0,BB,0,0,90
City Hotel,USA,0,127,18,1,3,2,0,BB,0,0,90
City Hotel,USA,0,127,18,1,3,2,0,BB,0,0,90
City Hotel,USA,0,91,20,0,3,2,0,BB,1,0,80.75
City Hotel,USA,0,196,20,1,3,2,0,BB,0,0,80.75
City Hotel,USA,0,5,21,1,2,1,0,BB,0,0,98.32
City Hotel,USA,0,4,21,2,2,1,0,BB,0,0,98.32
City Hotel,USA,0,0,21,0,0,1,0,BB,0,0,0
City Hotel,USA,0,93,22,1,2,2,0,HB,1,0,211
City Hotel,USA,0,93,22,1,2,2,0,HB,1,0,211
City Hotel,USA,0,220,23,2,1,1,0,BB,0,0,61.67
City Hotel,USA,0,220,23,2,1,1,0,BB,0,0,0
City Hotel,USA,0,220,23,2,1,1,0,BB,0,0,61.67
City Hotel,USA,0,118,24,1,2,1,0,BB,0,0,110
City Hotel,USA,0,80,37,2,4,1,0,BB,1,0,85
City Hotel,USA,0,39,38,1,5,1,0,BB,2,0,108
City Hotel,USA,0,40,38,0,4,1,0,BB,2,0,108
City Hotel,USA,0,40,38,0,4,1,0,BB,1,0,108
City Hotel,USA,0,40,38,0,5,1,0,BB,2,0,108
City Hotel,USA,0,40,38,0,5,1,0,BB,2,0,108
City Hotel,USA,0,110,42,1,0,1,0,BB,1,0,120
City Hotel,USA,0,180,42,1,2,1,0,BB,1,0,120
City Hotel,USA,0,180,42,1,2,1,0,BB,1,0,120
City Hotel,USA,0,5,47,2,3,1,0,BB,0,0,84
City Hotel,USA,0,75,2,2,1,1,0,BB,0,0,67
City Hotel,USA,0,75,2,2,1,2,0,BB,1,0,67
City Hotel,USA,0,9,3,2,2,1,0,BB,1,0,65
City Hotel,USA,0,9,3,2,2,1,0,BB,1,0,65
City Hotel,USA,0,9,3,2,2,1,0,BB,1,0,65
City Hotel,USA,0,68,20,2,1,1,0,BB,3,0,110
City Hotel,USA,0,68,20,2,1,1,0,BB,1,0,110
City Hotel,USA,0,7,20,1,1,1,0,BB,1,0,110
City Hotel,USA,0,157,24,0,1,2,0,SC,0,0,99
City Hotel,USA,0,157,24,0,1,2,0,BB,0,0,130.5
City Hotel,USA,0,149,25,0,1,2,0,HB,0,0,154
City Hotel,USA,0,149,25,0,1,2,0,HB,1,0,154
City Hotel,USA,0,277,29,1,2,3,0,BB,0,0,139.5
City Hotel,USA,0,277,29,1,2,3,0,BB,0,0,139.5
City Hotel,USA,0,141,32,2,1,2,0,BB,0,0,106
City Hotel,USA,0,141,32,2,1,2,0,BB,0,0,106
City Hotel,USA,0,95,33,2,2,1,0,BB,11,0,95
City Hotel,USA,0,0,34,0,1,1,0,BB,0,0,115
City Hotel,USA,0,12,34,2,2,1,0,BB,3,0,115
City Hotel,USA,0,95,33,2,5,1,0,BB,4,0,115
City Hotel,USA,0,97,34,1,5,2,0,BB,6,0,125
City Hotel,USA,0,45,35,1,0,1,0,BB,0,0,115